input,factor,model,reported_T,computed_T,error_K,stable,root_count,max_residual
fa,0.5,tabled,298.2,298.6739225971511,0.47392259715110185,True,1,7.714640199992298e-14
fa,0.5,calibrated,298.2,298.1469590591056,-0.05304094089439104,True,1,1.7132658313572285e-13
fa,0.75,tabled,301.7,303.1888054136179,1.4888054136179107,True,1,1.7539741564889354e-13
fa,0.75,calibrated,301.7,301.4310958469867,-0.2689041530132954,True,1,2.278932359485102e-13
fa,1.0,tabled,332.3,340.30348938435026,8.003489384350246,True,1,1.5229029612064253e-13
fa,1.0,calibrated,332.3,332.3,0.0,True,1,1.2690858010053543e-13
fa,1.25,tabled,349.0,355.83134724456977,6.83134724456977,True,1,3.73023139566951e-13
fa,1.25,calibrated,349.0,349.3723026154296,0.3723026154295894,True,1,2.2364039444627407e-13
fa,1.5,tabled,361.4,368.5539860524932,7.153986052493224,True,1,2.030537281608567e-13
fa,1.5,calibrated,361.4,361.76495168887396,0.36495168887398677,True,1,3.049544990151503e-13
fb,0.5,tabled,357.4,364.1716458862049,6.771645886204908,True,1,2.030537281608567e-13
fb,0.5,calibrated,357.4,357.8573636901659,0.45736369016594836,True,1,2.030537281608567e-13
fb,0.75,tabled,345.3,351.78379431242973,6.483794312429723,True,1,2.030537281608567e-13
fb,0.75,calibrated,345.3,345.67524648450507,0.3752464845050554,True,1,1.5229029612064253e-13
fb,1.0,tabled,332.3,340.30348938435026,8.003489384350246,True,1,1.5229029612064253e-13
fb,1.0,calibrated,332.3,332.3,0.0,True,1,1.2690858010053543e-13
fb,1.25,tabled,302.2,303.75532935992396,1.5553293599239737,True,1,8.88360060703748e-14
fb,1.25,calibrated,302.2,301.8353639048928,-0.364636095107187,True,1,1.4594486711561575e-13
fb,1.5,tabled,299.9,300.47793354542074,0.5779335454207626,True,1,7.642720529703687e-14
fb,1.5,calibrated,299.9,299.70281319943774,-0.19718680056223548,True,1,1.332540091055622e-13
fm,0.5,tabled,336.2,343.2122558747827,7.012255874782738,True,1,2.822713396427863e-13
fm,0.5,calibrated,336.2,336.38808590195686,0.18808590195686747,True,1,1.4092147562873677e-13
fm,0.75,tabled,334.4,341.7974846244619,7.397484624461924,True,1,2.5381716020107085e-13
fm,0.75,calibrated,334.4,334.50925181633676,0.10925181633677994,True,1,1.5229029612064253e-13
fm,1.0,tabled,332.3,340.30348938435026,8.003489384350246,True,1,1.5229029612064253e-13
fm,1.0,calibrated,332.3,332.3,0.0,True,1,1.2690858010053543e-13
fm,1.25,tabled,329.6,338.6970663299764,9.097066329976371,True,1,1.5229029612064253e-13
fm,1.25,calibrated,329.6,329.4146588080053,-0.18534119199472343,True,1,2.207595086197931e-13
fm,1.5,tabled,308.3,336.923941663562,28.623941663561993,True,1,1.2690858010053543e-13
fm,1.5,calibrated,308.3,306.32199367943963,-1.9780063205603824,True,3,3.6874076463640647e-13
mw,0.5,tabled,342.2,348.84812063911477,6.648120639114779,True,1,2.186436123603947e-13
mw,0.5,calibrated,342.2,342.39695193515024,0.19695193515025267,True,1,2.1842744523328057e-13
mw,0.75,tabled,336.4,343.6861769738105,7.286176973810541,True,1,2.1847849310505114e-13
mw,0.75,calibrated,336.4,336.6121846873924,0.2121846873924369,True,1,1.4542548676061192e-13
mw,1.0,tabled,332.3,340.30348938435026,8.003489384350246,True,1,1.5229029612064253e-13
mw,1.0,calibrated,332.3,332.3,0.0,True,1,1.2690858010053543e-13
mw,1.25,tabled,328.8,337.8663700834843,9.066370083484287,True,1,1.0152686408042835e-13
mw,1.25,calibrated,328.8,328.49174462263625,-0.3082553773637642,True,1,1.4502007481418079e-13
mw,1.5,tabled,325.0,335.9913220275867,10.991322027586705,True,1,2.5381716020107085e-13
mw,1.5,calibrated,325.0,323.9784807884488,-1.0215192115512082,True,3,4.703431020499933e-13
t0,0.5,tabled,281.4,281.6374076858143,0.23740768581433258,True,1,2.0709707899370193e-13
t0,0.5,calibrated,281.4,281.5074486521463,0.10744865214633137,True,1,1.3138294643112695e-13
t0,0.75,tabled,290.7,291.10413033566994,0.40413033566994727,True,1,1.8726348155004936e-13
t0,0.75,calibrated,290.7,290.6474307082329,-0.05256929176709946,True,1,1.4712406937087224e-13
t0,1.0,tabled,332.3,340.30348938435026,8.003489384350246,True,1,1.5229029612064253e-13
t0,1.0,calibrated,332.3,332.3,0.0,True,1,1.2690858010053543e-13
t0,1.25,tabled,345.3,350.81640716366854,5.516407163668532,True,1,2.915901486028468e-13
t0,1.25,calibrated,345.3,345.5244369344136,0.22443693441357482,True,1,2.18544062571525e-13
t0,1.5,tabled,354.3,359.3300912790386,5.030091279038572,True,1,1.3276365608278377e-11
t0,1.5,calibrated,354.3,354.5996669134903,0.2996669134902845,True,1,4.010778336270279e-12
ta,0.5,tabled,293.7,294.14855564884607,0.44855564884608157,True,1,2.409131302898007e-13
ta,0.5,calibrated,293.7,293.4377799623114,-0.2622200376885644,True,1,8.921325894818631e-14
ta,0.75,tabled,299.4,301.1520740830607,1.7520740830607338,True,3,5.901007182480106e-13
ta,0.75,calibrated,299.4,298.912129155248,-0.48787084475196707,True,1,2.1574458617091025e-13
ta,1.0,tabled,332.3,340.30348938435026,8.003489384350246,True,1,1.5229029612064253e-13
ta,1.0,calibrated,332.3,332.3,0.0,True,1,1.2690858010053543e-13
ta,1.25,tabled,338.2,344.7027530599306,6.502753059930626,True,1,7.793728664541315e-12
ta,1.25,calibrated,338.2,338.43670107893774,0.23670107893775594,True,1,7.274699447601662e-14
ta,1.5,tabled,342.7,348.50498901932406,5.8049890193240685,True,1,1.1368986738546691e-11
ta,1.5,calibrated,342.7,342.93799774127854,0.2379977412785479,True,1,7.281646716731042e-14
