regime,seed,estimator,failed,cc_rmse,temperature_rmse,cc_coverage95,normalized_rmse,nees_mean,nis_mean,latency_ms,latency_p95_ms,covariance_repairs,plant_Tmax,plant_above344_samples
nominal,900,ukf_published,,0.006314086883525353,0.22294086530131801,0.9875,0.010178717731221221,2.001098440900095,1.7633134873420553,0.8943259998659414,1.1773504999041502,0,332.3,0
nominal,900,ukf_tuned,,0.006617065189203779,0.27489699967488856,0.98125,0.012877409263079103,2.368495227217899,1.4314925721728364,0.897911500032933,1.1575628000969116,0,332.3,0
nominal,900,nake_q,,0.006632014926322851,0.27655126480072223,0.98125,0.012963724487657225,2.347052759742769,1.4137659326425476,1.012874499906502,1.343661399960183,0,332.3,0
nominal,900,nake_dynamics,,0.007360807120730216,0.27740890702565896,0.9625,0.013146434024016785,2.9338829571563427,1.4529308376223373,1.0139265000361775,1.3034869001444347,0,332.3,0
nominal,900,nake_hybrid,,0.007333175276047625,0.27851091469445277,0.9625,0.013201990966807563,2.847390247831728,1.4339708232853843,1.0293190000538743,1.314995550092135,0,332.3,0
nominal,901,ukf_published,,0.006298234140027458,0.22221972583974234,0.9875,0.009980152573012975,1.8768374708439963,1.6907870114248098,0.9108210000476902,1.1664229500297552,0,332.3,0
nominal,901,ukf_tuned,,0.006652393782281493,0.27745299477787116,0.98125,0.01277304962049316,2.2894016992792383,1.3557502510506017,0.909093500013114,1.1973506499543871,0,332.3,0
nominal,901,nake_q,,0.006702056007257004,0.2801512905946824,0.98125,0.012915486560104536,2.2492681741806253,1.3317559081583639,1.0289589998819793,1.6985994999686227,0,332.3,0
nominal,901,nake_dynamics,,0.008002586315899332,0.2790629352916399,0.9375,0.013099616535061146,3.090524837376591,1.3750513738014776,1.0522735000222383,1.4311995998923506,0,332.3,0
nominal,901,nake_hybrid,,0.008152897809145182,0.2813211915701765,0.95,0.013240067203645707,3.07634763847624,1.3529138555319677,1.07695150006748,1.443717800145805,0,332.3,0
nominal,902,ukf_published,,0.006273825441492243,0.2076038100666073,0.95,0.009501096911034155,1.7912708098546446,1.547787683376,1.0129844998800763,1.4016095000670232,0,332.3,0
nominal,902,ukf_tuned,,0.006540438763882144,0.25015990855801246,0.9375,0.011993958041292302,2.095498810783434,1.2505345202681937,1.040481500012902,1.479901349875945,0,332.3,0
nominal,902,nake_q,,0.006517087460371401,0.25277384675823367,0.95625,0.012167651452977176,2.1039246367782396,1.2259435863783708,1.1518490000526072,1.6865341499283186,0,332.3,0
nominal,902,nake_dynamics,,0.00671204237862187,0.2513810013268604,0.93125,0.012135867178899407,2.287858419252012,1.270688451300218,1.0286184999586112,1.3289558999304054,0,332.3,0
nominal,902,nake_hybrid,,0.006741411389393812,0.25338346570861275,0.9375,0.01229031012056796,2.3115799602196097,1.2485522796305144,1.0239110000611618,1.3004532500076489,0,332.3,0
nominal,903,ukf_published,,0.006460437374860108,0.18785965080772327,1.0,0.008871203061902049,1.5496589826569322,1.5164349391326166,0.8904899999606641,1.1063436999052092,0,332.3,0
nominal,903,ukf_tuned,,0.006578037921858669,0.23399447571983428,1.0,0.011559452763222624,1.8918908014086497,1.2160649349752277,0.978938500111326,1.3373473999877206,0,332.3,0
nominal,903,nake_q,,0.00649766953586346,0.2365688402315702,1.0,0.011696976451757154,1.871113788895905,1.1918521045580583,1.0818834999781757,1.570589600100902,0,332.3,0
nominal,903,nake_dynamics,,0.007541695426844637,0.234458894653244,0.98125,0.011802246372708143,2.561531020454577,1.236422468582387,1.029574999961369,1.3132250501485032,0,332.3,0
nominal,903,nake_hybrid,,0.007467980145652151,0.23666551206622347,0.98125,0.011915433875182667,2.4872678778109214,1.2126402232073026,1.0536910000382704,1.4192878501489754,0,332.3,0
nominal,904,ukf_published,,0.00793715099652072,0.2398837719248803,0.96875,0.01075220021121279,2.0669399398942163,1.580878033053407,0.9132095000268237,1.2244991000557086,0,332.3,0
nominal,904,ukf_tuned,,0.007459954565107438,0.28586397812735903,0.9625,0.013155504606951907,2.3960646969813717,1.2548355944983611,0.9070505000181583,1.2233712000920602,0,332.3,0
nominal,904,nake_q,,0.007332630396464774,0.2876771895885312,0.9625,0.013260764513654079,2.362331223875073,1.2319127249482313,1.0281925000299452,1.3227975501763465,0,332.3,0
nominal,904,nake_dynamics,,0.008869425814523501,0.2889167678592898,0.925,0.013447242861961726,3.026441884907878,1.2699123733841322,1.0454939999817725,1.363478500184101,0,332.3,0
nominal,904,nake_hybrid,,0.008704043568842912,0.28995107264868997,0.9375,0.013514613045542526,2.961334455536197,1.2489917095093788,1.0535710000567633,1.425061100133007,0,332.3,0
nominal,905,ukf_published,,0.007125622965108313,0.19625231615649308,0.975,0.00906412742321249,1.5142923706923903,1.5117073798621399,0.9130294999977195,1.2424669499409895,0,332.3,0
nominal,905,ukf_tuned,,0.007079450288106836,0.24337483202561414,0.98125,0.01161971203041307,1.8449321172875497,1.2166871007600268,0.9071405000895538,1.1838449999345348,0,332.3,0
nominal,905,nake_q,,0.006831056640114657,0.24538627187901427,0.99375,0.011730404760361536,1.8250251121366965,1.1968722814767454,1.0044664999213637,1.3621284001715137,0,332.3,0
nominal,905,nake_dynamics,,0.007598761947835595,0.24484948494720984,0.93125,0.011796547603682742,2.1829257198695236,1.2312226872231902,1.028818500003581,1.3334447001284386,0,332.3,0
nominal,905,nake_hybrid,,0.007519163158594875,0.24641011853936776,0.9875,0.011897706843906642,2.1577869760017334,1.2130078048323747,1.0421889999179257,1.2891828500869449,0,332.3,0
nominal,906,ukf_published,,0.005823813795627819,0.2027427293321878,0.9625,0.00912798700628574,1.5236877505612918,1.487194228052158,0.9091484999999011,1.2000688499028909,0,332.3,0
nominal,906,ukf_tuned,,0.006097938396755252,0.2537886920413652,0.9625,0.011839784776522873,1.9104959976527607,1.1770286566859969,0.8893484999816792,1.1182770501591222,0,332.3,0
nominal,906,nake_q,,0.005957421268154195,0.25584807485629424,0.9625,0.011967327259021159,1.913340240110557,1.1540278483383735,0.9958890000234533,1.2246436500504387,0,332.3,0
nominal,906,nake_dynamics,,0.006755217545393109,0.25477465839752705,0.95,0.011989022902900747,2.195555036800098,1.2069554974065047,1.0208569999576866,1.1721687999397545,0,332.3,0
nominal,906,nake_hybrid,,0.00659461517026765,0.25642379455011094,0.95625,0.012097413930493111,2.211057475084183,1.1836034755888747,1.036034499975358,1.227362850022473,0,332.3,0
nominal,907,ukf_published,,0.00902968904793624,0.21350366750443378,0.9875,0.009597366726879492,1.7098033669661643,1.5345773652136616,0.9067700000287005,1.1398228999269122,0,332.3,0
nominal,907,ukf_tuned,,0.009308680279348612,0.26058889107692335,0.9875,0.012096789708014723,2.0602003200040353,1.2348615078743053,0.8896795000055135,1.0776170998042283,0,332.3,0
nominal,907,nake_q,,0.009473104558237072,0.2628078471934301,0.99375,0.012214657886495837,2.062195333608501,1.2152705174536917,0.9966250000843502,1.1794498499284596,0,332.3,0
nominal,907,nake_dynamics,,0.009885900691573081,0.26107355820064837,0.94375,0.012227972184324445,2.3629371377468296,1.2522868437496064,1.0193539999363566,1.2399920499433392,0,332.3,0
nominal,907,nake_hybrid,,0.010154093090257135,0.2628754642944491,0.95625,0.012334470802712697,2.3822305154840704,1.2340628697208769,1.012278999951377,1.1787216999778134,0,332.3,0
startup,900,ukf_published,,0.007085029552171655,0.22505655992131124,0.98125,0.010357149892834244,2.039392275619133,1.7720726793557706,0.8850169999732316,1.0396270499882116,0,337.1635699562078,0
startup,900,ukf_tuned,,0.007273666160461997,0.27514120267234676,0.96875,0.012961265600995397,2.382874530677701,1.435555250151586,0.887460500052839,1.1553279501526952,0,337.1635699562078,0
startup,900,nake_q,,0.007302929076939981,0.27631069930678787,0.975,0.013021394059815916,2.3842282492130833,1.4217336926167103,0.9886785001071985,1.2050216999341499,0,337.1635699562078,0
startup,900,nake_dynamics,,0.00815452865705605,0.27738692614284804,0.9625,0.013259837097794668,2.8028427368537776,1.462691157254215,1.0144369999807168,1.1859884000273269,0,337.1635699562078,0
startup,900,nake_hybrid,,0.008092193891214766,0.27813803679646437,0.9625,0.013295226888128888,2.769095682073592,1.446009715034295,1.0109915000384717,1.2839358999599426,0,337.1635699562078,0
startup,901,ukf_published,,0.0065944920538715274,0.22200808704642191,0.9875,0.010106725216621187,1.8274249047965498,1.6933353617541294,0.8803504999832512,1.106032999996386,0,337.1635699562078,0
startup,901,ukf_tuned,,0.006854646762481579,0.27638810687120474,0.98125,0.012807180844337518,2.2209316350275623,1.3539785643281816,0.8886725000820661,1.0766031999992263,0,337.1635699562078,0
startup,901,nake_q,,0.006993521624408824,0.27920602461728805,0.98125,0.012947824180333757,2.2235986166551434,1.327647165285386,1.0180324999282675,1.3139370000317274,0,337.1635699562078,0
startup,901,nake_dynamics,,0.008730480274327714,0.27907855456921454,0.95625,0.013231370343134303,2.973405140943888,1.3748503499489266,1.0380874999782463,1.5988944500691102,0,337.1635699562078,0
startup,901,nake_hybrid,,0.008770709115736101,0.28040110754587266,0.9625,0.013309165190111983,2.95840391019375,1.3510893446396492,1.0469010001088463,1.3421342000583532,0,337.1635699562078,0
startup,902,ukf_published,,0.006068014739626862,0.20700574872255195,0.95,0.009519813991118597,1.7600376503098283,1.549317927198128,0.9086480000632946,1.102629249987785,0,337.1635699562078,0
startup,902,ukf_tuned,,0.006296446556667408,0.24963543158566956,0.94375,0.011991416494772445,2.0587513625326914,1.2514735804285049,0.8980514999166189,1.156700749993433,0,337.1635699562078,0
startup,902,nake_q,,0.006365622398509371,0.25133827550866644,0.95625,0.012096332257350021,2.0688739290336287,1.2363889680019144,1.003515499974128,1.236283550019834,0,337.1635699562078,0
startup,902,nake_dynamics,,0.006611806086297302,0.25093100811363966,0.93125,0.012149033649158024,2.2028797573048706,1.2750262164659105,1.0279819999823303,1.342899600194868,0,337.1635699562078,0
startup,902,nake_hybrid,,0.006719124033319212,0.2521414892418545,0.9375,0.012244240000996175,2.221398318886947,1.2586899391065143,1.059811000004629,1.413276049913747,0,337.1635699562078,0
startup,903,ukf_published,,0.007129709363171714,0.18885784141380366,1.0,0.009077516926473296,1.6182102403700873,1.5210516978847308,0.9809614999767291,1.5905996499895991,0,337.1635699562078,0
startup,903,ukf_tuned,,0.006821768976013879,0.23299193706522864,1.0,0.011628762386094131,1.943272444102437,1.2178721386487976,1.0274409999055933,1.5093224498968987,0,337.1635699562078,0
startup,903,nake_q,,0.0069536715584164535,0.23562557411359578,1.0,0.011760910520848912,1.860397036264197,1.1915229371048093,1.0952789999691959,1.575322550115743,0,337.1635699562078,0
startup,903,nake_dynamics,,0.008000588552915232,0.23495767703197998,0.98125,0.011989975881125185,2.644655578845737,1.2405360109389905,1.1633310000433994,1.5162895501021008,0,337.1635699562078,0
startup,903,nake_hybrid,,0.009103487259552524,0.23680673088667326,0.98125,0.012225710853369704,2.8423948105427472,1.2155239291870132,1.2249689999634938,1.606039499984035,0,337.1635699562078,0
startup,904,ukf_published,,0.008363333644937918,0.24010831573957594,0.96875,0.010847370561096985,2.0516553845843077,1.5839246230966686,1.0075814999481736,2.189158899943774,0,337.1635699562078,0
startup,904,ukf_tuned,,0.00782682359349256,0.2855755210186882,0.9625,0.01319531151552889,2.3534299144543436,1.2552602449617796,0.9544559999312696,1.9680907000520163,0,337.1635699562078,0
startup,904,nake_q,,0.007876323069197394,0.28727317178691475,0.9625,0.01329493390516837,2.3565330648446183,1.2345484193650305,1.067201499949988,2.0196321500293375,0,337.1635699562078,0
startup,904,nake_dynamics,,0.008694852625337701,0.28744572581070643,0.925,0.01346192097866839,2.818968738661829,1.2805645778204038,1.0981080000647125,2.185500650045918,0,337.1635699562078,0
startup,904,nake_hybrid,,0.008798296672011487,0.2879625901450803,0.9375,0.013511664595928456,2.797890329840174,1.2575445248132442,1.0834560000603233,2.3331115000701175,0,337.1635699562078,0
startup,905,ukf_published,,0.006859434561092392,0.19683681797041008,0.975,0.009261884153902866,1.5176453993710795,1.51286576611032,0.9934355000495998,1.5662253999721532,0,337.1635699562078,0
startup,905,ukf_tuned,,0.0067504492785526405,0.24312189785914942,0.98125,0.011697333045381834,1.8277832344230713,1.2166613128342814,0.9708664999834582,1.9682783500115872,0,337.1635699562078,0
startup,905,nake_q,,0.006895411233631406,0.24513056804349465,0.99375,0.011814213345030097,1.8187435983556195,1.1985664266377651,1.1063355000260344,2.0371589500882674,0,337.1635699562078,0
startup,905,nake_dynamics,,0.007419135495718283,0.24455777261920417,0.93125,0.011977236256893427,2.3153576253758343,1.2402169423387748,1.1120390000769476,2.2669853501270154,0,337.1635699562078,0
startup,905,nake_hybrid,,0.007536701896115084,0.24592862243361183,0.9875,0.012073079109332528,2.2644383176657294,1.21976872418283,1.0666105000609605,2.0059563998643166,0,337.1635699562078,0
startup,906,ukf_published,,0.005850710259563138,0.20215534852990794,0.9625,0.009344931428434202,1.537035466497582,1.4900773206108362,1.0063750000881555,2.1227594000151835,0,337.1635699562078,0
startup,906,ukf_tuned,,0.005915845494272813,0.25293748016041473,0.9625,0.011934695626556881,1.8955810420445487,1.178630229096654,1.0260345000006055,2.07611835011221,0,337.1635699562078,0
startup,906,nake_q,,0.006029227209289605,0.2542738831936484,0.9625,0.012027676103208155,1.911208779087152,1.163342047369064,1.2833470000259695,2.352340550010012,0,337.1635699562078,0
startup,906,nake_dynamics,,0.006541970393722312,0.2537590480055025,0.95625,0.011996829828023307,2.0783894562266987,1.2102599114263313,1.172269999983655,2.440880199969795,0,337.1635699562078,0
startup,906,nake_hybrid,,0.0066393494586553204,0.2547293681624105,0.95625,0.01207763553070521,2.0957001735029035,1.1920387234297276,1.1591199998974844,2.844600850130518,0,337.1635699562078,0
startup,907,ukf_published,,0.008898060465330926,0.2164753545385638,0.975,0.00979433333499359,1.7284979728586236,1.5364529104854276,0.9862749999456355,2.5117438000847856,0,337.1635699562078,0
startup,907,ukf_tuned,,0.009217327075463516,0.26113472543098243,0.96875,0.01217253940020293,2.0351571616559574,1.2348036078536209,0.9716580000258546,2.615427299929251,0,337.1635699562078,0
startup,907,nake_q,,0.00913172269091878,0.2633251898494117,0.98125,0.01228144114387153,2.0343675950866285,1.214655015156982,1.0842924999678871,1.504015100090328,0,337.1635699562078,0
startup,907,nake_dynamics,,0.009844974890159267,0.26066573178734853,0.95625,0.012293992463984113,2.3290258690612795,1.2589455348272611,1.0975124999959007,1.4230358000077095,0,337.1635699562078,0
startup,907,nake_hybrid,,0.009964678093892265,0.26235484338400644,0.95625,0.012411612034038318,2.3969933085863375,1.2398055690670828,1.0485290000588066,1.3479146500912975,0,337.1635699562078,0
feed_steps,900,ukf_published,,0.006209741702543452,0.21962610002383182,0.9875,0.010043792690448321,1.9625188220761776,1.7651292080457999,0.9798950001140838,1.3078213000312642,0,343.498536484151,0
feed_steps,900,ukf_tuned,,0.006514928719405059,0.272798219465471,0.98125,0.012792873698867445,2.335048262143075,1.4261285668275705,0.9238010001126895,1.1533422499041988,0,343.498536484151,0
feed_steps,900,nake_q,,0.006532729615556171,0.2753269099877873,0.9875,0.012904985472975028,2.2723447357505555,1.4090846972091566,1.032204000011916,1.334170350003205,0,343.498536484151,0
feed_steps,900,nake_dynamics,,0.007648711390335941,0.2743445702161306,0.95,0.013006670386525424,2.9640122809303833,1.4772468904377478,1.0899405000373008,1.452992749977966,0,343.498536484151,0
feed_steps,900,nake_hybrid,,0.007775729598845164,0.27551922490623015,0.96875,0.013099333506365253,2.8886968863503113,1.4508569878033832,1.0739919999878111,1.7155363999336233,0,343.498536484151,0
feed_steps,901,ukf_published,,0.006217260856837044,0.2188497236088885,0.9875,0.009844587073659582,1.869877237667654,1.6902919212243532,0.961878499992963,1.8445380000002838,0,343.498536484151,0
feed_steps,901,ukf_tuned,,0.006545037247302715,0.27558397588903144,0.98125,0.012694645462768906,2.283036169162442,1.3490112250012394,0.9821384999213478,1.7685332000723972,0,343.498536484151,0
feed_steps,901,nake_q,,0.006590062423134437,0.27816234755640495,0.98125,0.012813312198068357,2.2497171941183973,1.3285923531399715,1.0559494999142771,2.536434099852158,0,343.498536484151,0
feed_steps,901,nake_dynamics,,0.008209134695637445,0.278368521008823,0.925,0.013219430050139825,3.1874539733680796,1.3763535697996887,1.0732555000458888,2.1916921999377337,0,343.498536484151,0
feed_steps,901,nake_hybrid,,0.008834233947024024,0.2803434389155544,0.93125,0.013392108023740513,3.303525561439611,1.3532141717798514,1.0540920000039478,1.971649849963341,0,343.498536484151,0
feed_steps,902,ukf_published,,0.0058782430042095025,0.20150437394912032,0.94375,0.009231752104806132,1.7508694432750218,1.5480109082340217,0.9367205000216927,1.6898425998192574,0,343.498536484151,0
feed_steps,902,ukf_tuned,,0.006096808350589983,0.24669534654314434,0.9375,0.011829723962616839,2.0566964009805595,1.2466666743196968,0.9227340000279582,1.7832235999890138,0,343.498536484151,0
feed_steps,902,nake_q,,0.005985675266871419,0.24925396422885487,0.95,0.01197826420647604,2.0191408771822323,1.226641218953517,1.2376784999332813,2.3751785501303857,0,343.498536484151,0
feed_steps,902,nake_dynamics,,0.006746634338299468,0.2475381799120113,0.93125,0.01207264613599382,2.4519657881886814,1.2909132552190254,1.0062499999321517,1.160720250129543,0,343.498536484151,0
feed_steps,902,nake_hybrid,,0.007091242647875933,0.24931927064088036,0.9375,0.012225456786177995,2.5227858968369845,1.2681019944043845,1.0151879999966695,1.287918150001132,0,343.498536484151,0
feed_steps,903,ukf_published,,0.006534680758308137,0.18651558107089136,1.0,0.008834026187400295,1.5509680805098103,1.5142617295667087,0.9145919999582475,1.1620416499795279,0,343.498536484151,0
feed_steps,903,ukf_tuned,,0.006625743693984891,0.23263889225291667,1.0,0.011520084588719918,1.8877008543104281,1.2114664427360837,0.9423980000065058,2.2066325000196216,0,343.498536484151,0
feed_steps,903,nake_q,,0.006579522955433171,0.23514234625050104,1.0,0.01162925265929795,1.8527626916947821,1.1938295310298312,1.0857895000526696,2.072822149989404,0,343.498536484151,0
feed_steps,903,nake_dynamics,,0.007868314221275636,0.23399172631230467,0.98125,0.011937136676603125,2.593467214058099,1.2554638032049514,1.0781524999856629,2.5442363499792,0,343.498536484151,0
feed_steps,903,nake_hybrid,,0.008224450778673934,0.23609878935471898,1.0,0.01207958819716234,2.4859487466480594,1.2331090485861047,1.0354279999091887,1.6741281499775968,0,343.498536484151,0
feed_steps,904,ukf_published,,0.007826033153879171,0.23548104740502082,0.95625,0.010571487833172426,2.0352977754274497,1.5822596040993768,0.9016125000016473,1.0598306501037769,0,343.498536484151,0
feed_steps,904,ukf_tuned,,0.007340623178375047,0.2836899005883235,0.9625,0.013064195515730943,2.38865407183301,1.2503132721865429,0.8920374999661362,1.0615994000090718,0,343.498536484151,0
feed_steps,904,nake_q,,0.007255730799424222,0.28360209562011973,0.9625,0.0130750970780723,2.270058059898227,1.2425254924449338,0.9897999999566309,1.1576870001363202,0,343.498536484151,0
feed_steps,904,nake_dynamics,,0.009384482027561756,0.28792195527368786,0.88125,0.013697659941737121,3.311310935866436,1.3054217519829183,1.0182379999150726,1.2185855502025331,0,343.498536484151,0
feed_steps,904,nake_hybrid,,0.009049830392106543,0.2873650607649902,0.96875,0.013673477632762937,2.921320662095481,1.2864010936730983,1.0154784999940603,1.3588740999807667,0,343.498536484151,0
feed_steps,905,ukf_published,,0.006989655747190061,0.19352762858595376,0.99375,0.008944444636282639,1.466402697811864,1.5221642508032531,0.8995489999961137,1.1096645499264917,0,343.498536484151,0
feed_steps,905,ukf_tuned,,0.006958171044851855,0.24159292101072272,0.99375,0.011542999802286529,1.808024885551403,1.218609765122366,0.9237904998826707,1.1908114500329239,0,343.498536484151,0
feed_steps,905,nake_q,,0.006716704201298594,0.24447899152393565,1.0,0.011670964529585357,1.783452426295003,1.1979588379702903,1.0095244999774877,1.3416443500432251,0,343.498536484151,0
feed_steps,905,nake_dynamics,,0.00909635651743786,0.2465899915147605,0.88125,0.012219199117281837,2.7940661065444976,1.2762132558877097,1.0419130001082522,1.924601700079619,0,343.498536484151,0
feed_steps,905,nake_hybrid,,0.008854694442748397,0.24805677793896716,0.9375,0.01227146489721579,2.623615393585362,1.2431942547412647,1.0413625000182947,1.3887303500723647,0,343.498536484151,0
feed_steps,906,ukf_published,,0.005647065508857779,0.1972212712127421,0.975,0.008902737662630809,1.475593214557859,1.4891755555443926,0.9303949999548422,1.275746549981704,0,343.498536484151,0
feed_steps,906,ukf_tuned,,0.005885615798748912,0.2501950731100946,0.975,0.011690790680655924,1.8643275166635545,1.1740235495778473,0.9296444999336018,1.2269839501186652,0,343.498536484151,0
feed_steps,906,nake_q,,0.005828404579814843,0.25311928352299906,0.975,0.011831015047972866,1.8331046326903675,1.1530326426504451,1.086300500105608,3.2256652501359895,0,343.498536484151,0
feed_steps,906,nake_dynamics,,0.007190277543948536,0.25275577912497843,0.94375,0.012054056960198222,2.319259108703184,1.228478573898903,1.0785079999777736,2.2137042999588625,0,343.498536484151,0
feed_steps,906,nake_hybrid,,0.007689692135591475,0.25630573559191705,0.975,0.012496320171147783,2.1335841104405064,1.200071144089249,1.06550900000002,3.1285350500638693,0,343.498536484151,0
feed_steps,907,ukf_published,,0.009048739243321124,0.21059735475466995,1.0,0.009495179965323525,1.6992676498633403,1.5395675630902326,0.9494395000047007,1.5053865499339736,0,343.498536484151,0
feed_steps,907,ukf_tuned,,0.009309228603284474,0.2583731923473685,0.99375,0.01201824358016904,2.05261226212466,1.2341014546397293,0.9518829999706213,2.45806760015057,0,343.498536484151,0
feed_steps,907,nake_q,,0.009619542639542464,0.2595803858311568,1.0,0.012089965199693653,2.0016146267482133,1.2185412142625132,1.0388384998805122,1.8177318000084586,0,343.498536484151,0
feed_steps,907,nake_dynamics,,0.01027897237696702,0.2612562957251989,0.93125,0.012341464966119603,2.4901445128303896,1.2764709332127258,1.0297144999640295,1.5760674000034647,0,343.498536484151,0
feed_steps,907,nake_hybrid,,0.010637702707681836,0.2618893531401155,1.0,0.01243234649651897,2.4077650581057464,1.2546915444415099,1.0380979999808915,1.9486470000629166,0,343.498536484151,0
coolant_steps,900,ukf_published,,0.006307386042600222,0.2232614549983283,0.98125,0.010196595676050184,2.0031888539572806,1.7621436324203157,0.9077864999653684,1.0420528998452028,0,335.7062641650902,0
coolant_steps,900,ukf_tuned,,0.006613444783017957,0.27497994326655517,0.98125,0.012885173162349056,2.366913878865595,1.431114972674878,0.9481470000309855,1.4176155499512784,0,335.7062641650902,0
coolant_steps,900,nake_q,,0.006643513506328055,0.2797249159790729,0.98125,0.01312064264119919,2.357751419398465,1.3940914955980994,1.0922139999820502,2.6290409000580435,0,335.7062641650902,0
coolant_steps,900,nake_dynamics,,0.007595259942972133,0.27688942803831246,0.9625,0.013276776697357566,3.0691011274054008,1.460539405389215,1.0784880000755948,2.1062154999640357,0,335.7062641650902,0
coolant_steps,900,nake_hybrid,,0.007540932100733471,0.2803330890511788,0.975,0.013458171326817082,2.9487965589156433,1.4260316870391319,1.1222589999988486,2.178011549995062,0,335.7062641650902,0
coolant_steps,901,ukf_published,,0.006301774961391067,0.22229645395584421,0.9875,0.009985441932972622,1.8777597385592721,1.6903357332522515,0.969768999993903,1.6250458500849139,0,335.7062641650902,0
coolant_steps,901,ukf_tuned,,0.006648132270818942,0.2775042647679043,0.98125,0.012775479699033511,2.2878885387616372,1.3552081166189602,0.999009000111073,2.4301618500544464,0,335.7062641650902,0
coolant_steps,901,nake_q,,0.006756102055704858,0.2840787975653537,0.98125,0.01307806353996223,2.231261462123152,1.3117676969017047,1.1377625000932312,2.507008300074176,0,335.7062641650902,0
coolant_steps,901,nake_dynamics,,0.007669586946434791,0.2785985391190149,0.95,0.013061421476116842,2.936592800936572,1.3782677042041063,1.1018684999726247,2.7566386001240053,0,335.7062641650902,0
coolant_steps,901,nake_hybrid,,0.007946014189035063,0.2836677887671905,0.99375,0.013330380335195256,2.7836614811257494,1.3373798433254607,1.1210225000013452,2.3811038499729813,0,335.7062641650902,0
coolant_steps,902,ukf_published,,0.006175499965600993,0.20686982627217637,0.9375,0.009459480164580843,1.7777810664033105,1.5484316880468298,0.9698044999595368,2.0532209000634793,0,335.7062641650902,0
coolant_steps,902,ukf_tuned,,0.00644032966751243,0.24969266325497358,0.9375,0.011960101922141815,2.081056599907089,1.2505290682372059,1.0268505000112782,2.759082899888199,0,335.7062641650902,0
coolant_steps,902,nake_q,,0.006477641371093265,0.25450280943686154,0.9625,0.012268140439348832,2.076558833878283,1.2054323939274547,1.0752685000170459,1.894366899898612,0,335.7062641650902,0
coolant_steps,902,nake_dynamics,,0.007045886685588345,0.25292563570446924,0.925,0.012355178024427744,2.47253698344918,1.2743925400330873,1.017852000018138,1.1923902000035014,0,335.7062641650902,0
coolant_steps,902,nake_hybrid,,0.0071258443981390964,0.2559205889075111,0.96875,0.012564005042540778,2.461299833061415,1.2419642701007632,1.0242915000162611,1.2502125000992235,0,335.7062641650902,0
coolant_steps,903,ukf_published,,0.006465060860049118,0.1877582291960981,1.0,0.00887401931177973,1.5495804148351424,1.517009921530327,0.8913670000083584,1.2192616498737143,0,335.7062641650902,0
coolant_steps,903,ukf_tuned,,0.006582391634582814,0.23384242721523127,1.0,0.0115564924739439,1.8904911189310447,1.2161005365873276,0.9529745000236289,1.971114249874972,0,335.7062641650902,0
coolant_steps,903,nake_q,,0.006502898905453079,0.23815161940014015,1.0,0.0117861864072412,1.872020005346775,1.180993321103435,1.0495855000272059,1.666774350042028,0,335.7062641650902,0
coolant_steps,903,nake_dynamics,,0.007445194767723043,0.23438744562651892,1.0,0.01186099038872778,2.5573331459791193,1.2559258345738389,1.0710024999980305,1.687848400035812,0,335.7062641650902,0
coolant_steps,903,nake_hybrid,,0.007259328008752694,0.23799330454330497,1.0,0.01204276224750328,2.3981109405781327,1.218945623853676,1.1269364999861864,2.410798849894034,0,335.7062641650902,0
coolant_steps,904,ukf_published,,0.007863948724048551,0.23906432237751787,0.9625,0.010717296213683628,2.053609412623871,1.5793140577840243,0.9745570000632142,1.9303139499356778,0,335.7062641650902,0
coolant_steps,904,ukf_tuned,,0.007383361759980996,0.28552646087713857,0.95625,0.013142664958783438,2.3864181797029302,1.253751463898434,0.9735654999758481,2.270395400057622,0,335.7062641650902,0
coolant_steps,904,nake_q,,0.007294044639224095,0.290995464810245,0.96875,0.013416935346346307,2.378301638280188,1.207973750418727,1.0935760000165828,2.58634769996888,0,335.7062641650902,0
coolant_steps,904,nake_dynamics,,0.00927829769167201,0.2886185293862652,0.89375,0.01353344126760433,3.200314917054982,1.2745515473664455,1.1002659999803655,2.1202711501018694,0,335.7062641650902,0
coolant_steps,904,nake_hybrid,,0.00924098543151646,0.29295441995325217,0.96875,0.013754425184630981,3.000502655653733,1.2279863957028379,1.0850230000869487,2.103853650010022,0,335.7062641650902,0
coolant_steps,905,ukf_published,,0.007221999584698816,0.19764316581402147,0.98125,0.009125960337226255,1.5226293076055246,1.511850274868204,0.9169405000193365,1.206824599989886,0,335.7062641650902,0
coolant_steps,905,ukf_tuned,,0.007179427907910605,0.24377636506002956,0.98125,0.011645247150711493,1.8502750149520648,1.216432136599788,0.9245514999065563,1.2264708999964566,0,335.7062641650902,0
coolant_steps,905,nake_q,,0.006954483255527756,0.24847590388536794,1.0,0.01186981344422135,1.8526203264738197,1.1813603327394282,1.032453999982863,1.3285469998891128,0,335.7062641650902,0
coolant_steps,905,nake_dynamics,,0.008020218514527512,0.24565794270622196,0.9375,0.011868738073349431,2.2787898773460418,1.2396974695274465,1.0362755000414836,1.3254832498773792,0,335.7062641650902,0
coolant_steps,905,nake_hybrid,,0.007948565345516783,0.2488783462823467,1.0,0.01204389904844585,2.20061034070793,1.210445885348398,1.0445369999843024,1.3546958501251536,0,335.7062641650902,0
coolant_steps,906,ukf_published,,0.005791502469211432,0.20262232750826747,0.9625,0.009101721831702847,1.5006663226236838,1.489723736989645,0.9063495000418698,1.206078150084976,0,335.7062641650902,0
coolant_steps,906,ukf_tuned,,0.006068453515358405,0.25356937948926817,0.9625,0.01181612035664386,1.8910862798426507,1.1783031325412066,0.9225285000411532,1.2363153498654353,0,335.7062641650902,0
coolant_steps,906,nake_q,,0.005978253987517694,0.25893942440040374,0.96875,0.01208810909721473,1.9101477135017242,1.1390219181669068,1.0128945000360545,1.3587363001761328,0,335.7062641650902,0
coolant_steps,906,nake_dynamics,,0.006707598626060009,0.25454823832866963,0.95,0.011962744758849269,2.155209677706373,1.2174981437140453,1.047056000061275,1.3963715999352637,0,335.7062641650902,0
coolant_steps,906,nake_hybrid,,0.006437555313227447,0.2590800725658694,0.96875,0.012192918125449911,2.103750620320541,1.18094268371422,1.0731849999956466,1.4095830997916892,0,335.7062641650902,0
coolant_steps,907,ukf_published,,0.009069746635479487,0.2139470593975318,0.9875,0.009621831856603712,1.7043282257171815,1.5365343947156036,0.9041209998486011,1.1710244999449049,0,335.7062641650902,0
coolant_steps,907,ukf_tuned,,0.009346901723567131,0.2606363043138034,0.98125,0.012105626446109645,2.052940968550003,1.2362382186372383,0.8905605001245931,1.1007273000132038,0,335.7062641650902,0
coolant_steps,907,nake_q,,0.009524943495909679,0.26589531044283843,0.99375,0.012349657828499757,2.061644717383362,1.1982436396607052,0.9972364998702687,1.315785050132944,0,335.7062641650902,0
coolant_steps,907,nake_dynamics,,0.010078946588322512,0.2622112882003718,0.93125,0.012309300344967217,2.410515706695388,1.2663360732150384,1.059309500078598,1.3269591001972003,0,335.7062641650902,0
coolant_steps,907,nake_hybrid,,0.010149421577159852,0.2658948101299197,1.0,0.012479967269304261,2.262745242174492,1.2300721551796823,1.0633804999997665,1.6625573999931473,0,335.7062641650902,0
UA_mismatch,900,ukf_published,,0.00981095745539085,0.33069879709890715,0.7125,0.027495032854449666,26.956148453582877,6.462866072688096,0.9208109999008229,1.392394949971276,0,335.6722555209402,0
UA_mismatch,900,ukf_tuned,,0.007921180167973956,0.2955568892113865,0.91875,0.01800016192823231,5.666741292610413,2.8058226131030226,0.9223935001045902,1.227948849827953,0,335.6722555209402,0
UA_mismatch,900,nake_q,,0.006844182659655389,0.3113621200119291,0.99375,0.016744220644500367,3.4186868583260024,1.967734938228799,1.0142920001499078,1.339721899978485,0,335.6722555209402,0
UA_mismatch,900,nake_dynamics,,0.008692092002863366,0.2853137728661337,0.8875,0.014947914057678603,4.640039728464513,1.8374495040664456,1.0434605000000374,1.387737049833504,0,335.6722555209402,0
UA_mismatch,900,nake_hybrid,,0.009772676093466671,0.29827361075994296,1.0,0.015362076809767054,3.5025174332705005,1.5961326656597052,1.0279580000087662,1.314501149886382,0,335.6722555209402,0
UA_mismatch,901,ukf_published,,0.008118291435670152,0.2859024344318927,0.81875,0.026638846187680674,25.425235140974205,6.599851387277544,0.9148619999450602,1.1846922500126311,0,335.6722555209402,0
UA_mismatch,901,ukf_tuned,,0.006660919942762958,0.27779343731467054,0.95,0.017214225000103556,4.893394379442908,2.7925749049352446,0.9113020000768302,1.2101436998023019,0,335.6722555209402,0
UA_mismatch,901,nake_q,,0.007178284868338882,0.2938532079043552,1.0,0.015826951975376837,2.865085687275785,1.955472089075164,1.0211974999947415,1.2667030500665521,0,335.6722555209402,0
UA_mismatch,901,nake_dynamics,,0.009018143791464414,0.2753447033429802,0.83125,0.014334976099747564,4.489205836003339,1.7603767932963599,1.0252929999978733,1.3162065998471917,0,335.6722555209402,0
UA_mismatch,901,nake_hybrid,,0.010379604781291879,0.28946133642606353,1.0,0.014767226691764772,3.282400065960534,1.5180245852845768,1.0487034999187017,1.310922949937776,0,335.6722555209402,0
UA_mismatch,902,ukf_published,,0.010690626476430492,0.3485301252033686,0.56875,0.026941283590657103,25.933589788427604,6.278207415770352,0.9068809999916994,1.2097045999212241,0,335.6722555209402,0
UA_mismatch,902,ukf_tuned,,0.00837638562104847,0.2855517228435067,0.85,0.01705204995951686,5.306198346881492,2.6340568956844463,0.913524999987203,1.2050694999629734,0,335.6722555209402,0
UA_mismatch,902,nake_q,,0.006532067343224693,0.2886622093718919,1.0,0.01569423423688857,2.9700235357654328,1.8336759820205661,1.009444500027712,1.2874222500499855,0,335.6722555209402,0
UA_mismatch,902,nake_dynamics,,0.006617617285865525,0.26655403136029476,0.925,0.013916423481475156,3.185490446700773,1.634010654547754,1.0324644999855082,1.3358467500779623,0,335.6722555209402,0
UA_mismatch,902,nake_hybrid,,0.0069670053988158615,0.27320741904897844,1.0,0.014148586724694996,2.4809700494014733,1.4102408394589714,1.027636999879178,1.335590800090357,0,335.6722555209402,0
UA_mismatch,903,ukf_published,,0.008949686001163245,0.27659978730623525,0.9,0.02739973885150389,27.463092793614486,6.160697447035905,0.9346969999342036,1.2987277998149689,0,335.6722555209402,0
UA_mismatch,903,ukf_tuned,,0.0072606213815157965,0.24286641138826295,0.98125,0.017502505494628715,5.324584501665269,2.5705803703626,0.9417180000355074,1.4214728000183638,0,335.6722555209402,0
UA_mismatch,903,nake_q,,0.0066649757481126145,0.25199543964364074,1.0,0.015733820799104754,3.2069434634038942,1.8254532245681276,1.0083625001016117,1.2978800499695353,0,335.6722555209402,0
UA_mismatch,903,nake_dynamics,,0.008384606474178028,0.23664637912684422,0.95,0.014188178873847273,4.162084713142012,1.6012351691415816,1.0785834999751387,1.4175921500054751,0,335.6722555209402,0
UA_mismatch,903,nake_hybrid,,0.009494605329051883,0.24608248521257173,1.0,0.01430582053437228,3.326512987814227,1.3958071461339732,1.0860495000315495,1.4605192499857365,0,335.6722555209402,0
UA_mismatch,904,ukf_published,,0.010041301023906938,0.3190107989762266,0.81875,0.026376653223804364,24.324852852607457,6.610388922013556,0.9306155001240768,1.348626750166204,0,335.6722555209402,0
UA_mismatch,904,ukf_tuned,,0.007885236400427296,0.2946599926160955,0.93125,0.016976436817730395,4.750761817447797,2.7332184926745384,0.9514670000498882,1.2817999998901541,0,335.6722555209402,0
UA_mismatch,904,nake_q,,0.007498809509109047,0.3065299587579738,1.0,0.015714508714509936,2.815824209674007,1.8759093417459383,1.0489034999636715,1.4572414499752993,0,335.6722555209402,0
UA_mismatch,904,nake_dynamics,,0.010095216107589356,0.29280526577165605,0.78125,0.014563898612768918,4.470341155246142,1.6468927964461586,1.0382224999148093,1.4409970500878444,0,335.6722555209402,0
UA_mismatch,904,nake_hybrid,,0.010505680794334615,0.30087142932506955,1.0,0.014827877472715299,3.0307685288341544,1.4173962093281354,1.0536710001360916,1.350056800151833,0,335.6722555209402,0
UA_mismatch,905,ukf_published,,0.009935766076899133,0.29936276715003246,0.79375,0.02595845157588262,24.226951540399472,6.383593646263614,0.9085225000262653,1.130640349867917,0,335.6722555209402,0
UA_mismatch,905,ukf_tuned,,0.007981110561795386,0.25953312097481335,0.93125,0.016103820057637164,4.463057103826936,2.634713243477454,0.9098940000740185,1.1558738000189805,0,335.6722555209402,0
UA_mismatch,905,nake_q,,0.006950530282587775,0.2680724937969486,1.0,0.014647396541261688,2.6049660444887808,1.823537564043102,1.037767000070744,1.38391859981084,0,335.6722555209402,0
UA_mismatch,905,nake_dynamics,,0.007886427702757237,0.24814344090712318,0.91875,0.013075277967873814,3.043061086600363,1.5865282828198843,1.010731499945905,1.2932749000242436,0,335.6722555209402,0
UA_mismatch,905,nake_hybrid,,0.008588570961719279,0.2582558465566633,1.0,0.013388202129553647,2.3594400237259014,1.3729280725576694,1.0376014998882965,1.4390812000215178,0,335.6722555209402,0
UA_mismatch,906,ukf_published,,0.008449645962629333,0.28707891304186556,0.83125,0.025478023326541397,23.29263048500881,6.50823964896742,0.9025340000334836,1.2655689500434164,0,335.6722555209402,0
UA_mismatch,906,ukf_tuned,,0.006635552929503672,0.26170933599164115,0.925,0.01573415334303442,4.124292706435199,2.634722703662239,0.9159390000377243,1.3811384998803067,0,335.6722555209402,0
UA_mismatch,906,nake_q,,0.0059640153738905405,0.275949553824405,1.0,0.014393047649810526,2.324000510599851,1.7846448116203006,1.017576499975803,1.5868954999973537,0,335.6722555209402,0
UA_mismatch,906,nake_dynamics,,0.0074951045715482886,0.2565977119012667,0.9125,0.01291753984494515,3.1295554902313327,1.5805869644934933,1.0246969999343492,1.487058400164187,0,335.6722555209402,0
UA_mismatch,906,nake_hybrid,,0.008483432577021097,0.26760344567349004,1.0,0.013298116437600645,2.3099415525836884,1.3527928149752824,1.015042999938487,1.4498858000365544,0,335.6722555209402,0
UA_mismatch,907,ukf_published,,0.01032894937439755,0.27641438106138305,0.8375,0.02560824329714147,23.449418542941366,6.672824961100164,0.8797640000466345,1.2275988500050496,0,335.6722555209402,0
UA_mismatch,907,ukf_tuned,,0.009283008669425294,0.260589632656872,0.96875,0.015892952464261572,4.143988074093274,2.7424065947857748,0.9079159999600961,1.2359053000864149,0,335.6722555209402,0
UA_mismatch,907,nake_q,,0.00958043789599289,0.2738908470999369,1.0,0.014530276641886842,2.471393199883678,1.8812942854713204,0.9840664999956061,1.0942346000092584,0,335.6722555209402,0
UA_mismatch,907,nake_dynamics,,0.010367327025782434,0.2589053837934301,0.9,0.013245264374671495,3.3510525480581648,1.6540647953850556,1.0853084999098428,1.4589089001447062,0,335.6722555209402,0
UA_mismatch,907,nake_hybrid,,0.011969822124087398,0.26902378606785127,1.0,0.01362504294689169,2.5893567549688705,1.4254219576882001,1.0514174999798342,1.3303180500997767,0,335.6722555209402,0
kinetic_mismatch,900,ukf_published,,0.039786177592430465,0.2722666984127724,0.25,0.020739426046622846,81.22203208900052,2.009787705676731,1.0074660001464508,1.5046507500755975,0,335.0946128295053,0
kinetic_mismatch,900,ukf_tuned,,0.03892013230480653,0.2865148352512238,0.25,0.02118565751487949,50.558505533933506,1.494105897509493,1.0330195000278763,1.5298475500571826,0,335.0946128295053,0
kinetic_mismatch,900,nake_q,,0.03245624746974628,0.30457389963653275,0.925,0.02160608276528616,15.368999237958587,1.3616093852827924,1.0754239999641868,1.750506950111228,0,335.0946128295053,0
kinetic_mismatch,900,nake_dynamics,,0.02506946996823012,0.2859530830064562,0.25,0.016940725970097364,21.910058066578166,1.4979584599950342,1.1463349999303318,3.124852250107324,0,335.0946128295053,0
kinetic_mismatch,900,nake_hybrid,,0.022998812744146606,0.2996766651509482,0.875,0.017300389878398027,14.121352786479694,1.4112014918256939,1.0943869999664457,2.3917404501275983,0,335.0946128295053,0
kinetic_mismatch,901,ukf_published,,0.03730421562818776,0.23071684287600763,0.25625,0.01888453568197474,74.85349274619604,1.9707152603893967,0.9678515001496635,2.1263810999471375,0,335.0946128295053,0
kinetic_mismatch,901,ukf_tuned,,0.03635517983291749,0.2721486219153776,0.25625,0.019876351510509104,45.650919400404405,1.4332085413102142,0.9212259998321315,1.722511950038096,0,335.0946128295053,0
kinetic_mismatch,901,nake_q,,0.02869617692047535,0.29375249770016076,0.9875,0.020401863289817614,10.533867904480712,1.2931330395420946,1.024036500098191,2.0764302498946563,0,335.0946128295053,0
kinetic_mismatch,901,nake_dynamics,,0.02193608654598362,0.27279899313128136,0.29375,0.015625368418425968,17.885887110530113,1.4296201484537072,1.1174119999850518,2.6147354500494657,0,335.0946128295053,0
kinetic_mismatch,901,nake_hybrid,,0.01964355276797414,0.2859124767761853,0.9375,0.01590074679124587,10.144123480822199,1.3496792571859755,1.0735055000168359,2.3177997999937343,0,335.0946128295053,0
kinetic_mismatch,902,ukf_published,,0.041162044803262396,0.27514479135708725,0.25,0.02126800373803332,84.30493248004765,1.762682103113883,0.9962149999864778,2.104591149895892,0,335.0946128295053,0
kinetic_mismatch,902,ukf_tuned,,0.04028624913442384,0.26810976967498357,0.25,0.02126677936708112,52.997557706227234,1.3026487127279232,1.0069304998978623,2.2101087998748876,0,335.0946128295053,0
kinetic_mismatch,902,nake_q,,0.03316689523609238,0.2806013599983871,0.96875,0.021557078324558478,12.750847604948625,1.177667086349046,1.0437360000423723,2.0141221499443414,0,335.0946128295053,0
kinetic_mismatch,902,nake_dynamics,,0.025329929294274706,0.2609620432414498,0.275,0.01634496828405408,21.638665645404583,1.2977815598865463,1.035022999985813,1.3678971498393366,0,335.0946128295053,0
kinetic_mismatch,902,nake_hybrid,,0.023788759655644667,0.27230004108425726,0.84375,0.016715348416961453,13.133664172977223,1.2252520611432733,1.0375519999570315,1.3238643501040315,0,335.0946128295053,0
kinetic_mismatch,903,ukf_published,,0.038268132789729105,0.22216892669174879,0.25,0.019092585529660044,77.47393567839646,1.7820577806962192,0.8928830000058952,1.1552757499657658,0,335.0946128295053,0
kinetic_mismatch,903,ukf_tuned,,0.03735986991293734,0.23855579622856782,0.25,0.019668687636769978,47.29096185394443,1.2798457681048476,0.9121635000610695,1.133571600132654,0,335.0946128295053,0
kinetic_mismatch,903,nake_q,,0.02910464859113182,0.2552701579255535,0.96875,0.020059792801619566,9.194598432923545,1.1578371506479788,1.0212519999868164,1.204401200061511,0,335.0946128295053,0
kinetic_mismatch,903,nake_dynamics,,0.02093280809958211,0.23789164169636895,0.28125,0.014547224530210286,15.774222524522278,1.2770121300162205,1.023505500029387,1.3063758000271262,0,335.0946128295053,0
kinetic_mismatch,903,nake_hybrid,,0.01927067089337873,0.25065170139261667,0.96875,0.014946675097980562,8.198350702622742,1.1996229453805771,1.0301304999984495,1.3120910001816803,0,335.0946128295053,0
kinetic_mismatch,904,ukf_published,,0.038692062802504874,0.2634305670385645,0.25,0.020069407554768014,77.32028872050992,1.8201040534476909,0.8977065000408402,1.2509877000866245,0,335.0946128295053,0
kinetic_mismatch,904,ukf_tuned,,0.03760860818213861,0.2857147737551635,0.25,0.020625687627669677,47.63073696183231,1.3209932065162477,0.9164295000800848,1.2376049000977205,0,335.0946128295053,0
kinetic_mismatch,904,nake_q,,0.029528683903738993,0.3018202584369402,0.925,0.02099836806651157,11.322610922943877,1.2034770710927674,1.4408580001372684,1.6018844500763407,0,335.0946128295053,0
kinetic_mismatch,904,nake_dynamics,,0.022413114441449295,0.2860830435361603,0.3125,0.01603352936336369,17.485452172425017,1.3115775324246655,1.046660499923746,1.514587399992706,0,335.0946128295053,0
kinetic_mismatch,904,nake_hybrid,,0.02049928599856052,0.29611790234146734,0.91875,0.01639679502375275,9.949509852291275,1.2446482599630173,1.0410625001213702,1.3586294998503945,0,335.0946128295053,0
kinetic_mismatch,905,ukf_published,,0.03925730865874293,0.23906431470217832,0.25,0.019771206528123562,78.83595358229805,1.7834471810749957,0.9113864999790167,1.246738749978249,0,335.0946128295053,0
kinetic_mismatch,905,ukf_tuned,,0.03827989843129184,0.2510103216917067,0.25,0.02010792575152301,48.654953009242206,1.2935510873951166,0.896618999945531,1.068824100184429,0,335.0946128295053,0
kinetic_mismatch,905,nake_q,,0.0304595876477116,0.2675809884166511,0.9625,0.02045378980308501,10.254863050313878,1.1720630914224075,1.0186284999917916,1.3398177999306424,0,335.0946128295053,0
kinetic_mismatch,905,nake_dynamics,,0.023207840006312618,0.250071812997531,0.29375,0.015281466276490768,18.39092096044863,1.2843070603965345,1.030961499964178,1.275092049934301,0,335.0946128295053,0
kinetic_mismatch,905,nake_hybrid,,0.021605248446307006,0.2613031770915774,0.9125,0.015562337293409025,10.334478128450757,1.2145234593570498,1.025939499982087,1.3821398499999284,0,335.0946128295053,0
kinetic_mismatch,906,ukf_published,,0.03820023962659492,0.22979781768159693,0.25,0.019179678866219477,76.40131425164986,1.7507985235895298,0.8978615001069556,1.178411549881275,0,335.0946128295053,0
kinetic_mismatch,906,ukf_tuned,,0.03720865153535159,0.25509520850213113,0.25,0.019775569870399027,46.81856760990321,1.2468717195480294,0.9841715000220574,1.626613149892363,0,335.0946128295053,0
kinetic_mismatch,906,nake_q,,0.02992551734685804,0.2744222983905962,0.96875,0.02017967590266527,9.651210440264306,1.1172670363501775,1.042013499954919,1.4438704500321362,0,335.0946128295053,0
kinetic_mismatch,906,nake_dynamics,,0.02240273009281331,0.25479985307597214,0.28125,0.015130994353813529,17.802839520455517,1.2524700105942546,1.0719939999717099,1.4353853500892906,0,335.0946128295053,0
kinetic_mismatch,906,nake_hybrid,,0.02049133498766381,0.26808482529805455,0.93125,0.01540691056615086,9.526957766860656,1.17133007891792,1.0333205000279122,1.4129231998936118,0,335.0946128295053,0
kinetic_mismatch,907,ukf_published,,0.03784630568631568,0.22393001403702595,0.25,0.0187500057071577,74.39421584382742,1.767209445754022,0.9265145000654229,1.2378928999282834,0,335.0946128295053,0
kinetic_mismatch,907,ukf_tuned,,0.036858390722271026,0.25636445870987445,0.25,0.0194775611736918,45.154333987359315,1.2874303338085498,0.9175465000907934,1.2194637499646883,0,335.0946128295053,0
kinetic_mismatch,907,nake_q,,0.029742851162879013,0.27617805164551756,0.975,0.019924600176549123,9.247663654108324,1.158541446968534,1.0132654998642465,1.3382670499026967,0,335.0946128295053,0
kinetic_mismatch,907,nake_dynamics,,0.02205791326830645,0.25718106713668504,0.275,0.014803325528259723,16.11486497633818,1.2752305452128212,1.0352340000281401,1.3180178999277812,0,335.0946128295053,0
kinetic_mismatch,907,nake_hybrid,,0.01991045889628147,0.2698470650723617,0.94375,0.015133126937219566,8.938834647492438,1.1972022732793215,1.0430700000370052,1.340729150069819,0,335.0946128295053,0
variable_noise,900,ukf_published,,0.009752975623996336,0.3951386200539937,0.81875,0.017880305725794434,5.861318932338959,6.7359081660867215,0.9075559999018878,1.1886732999414555,0,332.3,0
variable_noise,900,ukf_tuned,,0.01037569917573039,0.5062352265863996,0.8125,0.02358317521562319,7.351351679794162,5.500398005195352,0.9152330000006259,1.2414155501119237,0,332.3,0
variable_noise,900,nake_q,,0.020733394502096266,0.5691193572157822,1.0,0.02675950105296952,6.447422634428486,4.89648096568957,1.0082979999879171,1.3198450000913908,0,332.3,0
variable_noise,900,nake_dynamics,,0.013075218911893649,0.5091049164399275,0.79375,0.024190066617713776,9.875050823028316,5.582481308450591,1.0340615000359321,1.2924261500188547,0,332.3,0
variable_noise,900,nake_hybrid,,0.01742607758723649,0.5855126847550678,0.99375,0.02835682149731873,7.432589104118842,4.828953859801545,1.0388389999889114,1.268748699988009,0,332.3,0
variable_noise,901,ukf_published,,0.010365445063659296,0.41006751198121083,0.775,0.018450210180475657,6.1996377560096425,7.322349433123023,0.8993585000780513,1.0912408000876894,0,332.3,0
variable_noise,901,ukf_tuned,,0.011147427041984433,0.5257799389733099,0.79375,0.02442809388260401,7.979954874123183,5.960961425068393,0.8965700000089782,1.1888483999882737,0,332.3,0
variable_noise,901,nake_q,,0.021465778875657617,0.5958813230011872,0.9875,0.02790672264481293,6.872305373683126,5.312344671819109,1.0212775000582042,1.339979650117584,0,332.3,0
variable_noise,901,nake_dynamics,,0.017194392909714595,0.5267615673587372,0.60625,0.025247139025271457,13.193523116970113,6.092855650490769,1.0431150000158596,1.3447996000309101,0,332.3,0
variable_noise,901,nake_hybrid,,0.02136667631599558,0.6110350978810788,0.95625,0.03026800919679227,9.204466255972353,5.2975337859690175,1.0495800000853706,1.3240309999332562,0,332.3,0
variable_noise,902,ukf_published,,0.009428382759227924,0.3609542696613078,0.8,0.016770525560504762,5.592325781936865,7.1357458081757645,0.9280720000788278,1.2322400500124784,0,332.3,0
variable_noise,902,ukf_tuned,,0.01011092439537707,0.4569299852936657,0.79375,0.022667369903297492,7.247874771489128,5.820889187793358,0.92920350004988,1.1926490499376996,0,332.3,0
variable_noise,902,nake_q,,0.017413748578308786,0.5037215707158755,0.98125,0.024989119365736345,6.362125923632174,5.405304163948898,1.046309499884046,1.723848849940168,0,332.3,0
variable_noise,902,nake_dynamics,,0.011340722911533605,0.4584923898012662,0.76875,0.02285810564964065,8.516204024919409,5.903381618461335,1.0048175000747506,1.2260088000630274,0,332.3,0
variable_noise,902,nake_hybrid,,0.01663195309384578,0.5171047363354031,0.96875,0.026450501772616184,6.67190236019338,5.331292168583504,1.0359294999489066,1.3376537999761238,0,332.3,0
variable_noise,903,ukf_published,,0.008928890756301665,0.3250542998111149,0.9,0.015750620970602897,5.185558846572377,6.097452234584482,0.9659090000013748,1.3151768500620165,0,332.3,0
variable_noise,903,ukf_tuned,,0.009357500002316943,0.4205395707018107,0.89375,0.021560658649477635,6.510692789604515,4.931177641492027,0.9484225000733204,1.5245426999058507,0,332.3,0
variable_noise,903,nake_q,,0.013914100943445652,0.45788687305633846,0.99375,0.023394055232014564,6.086035216597109,4.580215879091865,1.013670500014996,1.2931893500535807,0,332.3,0
variable_noise,903,nake_dynamics,,0.015310095057837871,0.4209298472368301,0.65625,0.022408641297527496,11.15950562962761,4.987877125731659,1.0445425000398245,1.3364201500280615,0,332.3,0
variable_noise,903,nake_hybrid,,0.013940127532465431,0.4627162774108503,0.975,0.0245831674687889,7.357939306812602,4.571449936237618,1.0682934999977078,1.2967377499876418,0,332.3,0
variable_noise,904,ukf_published,,0.011811223679440245,0.3836419844731016,0.83125,0.01740845750635,5.817492932518329,4.611637587883415,0.9111564999102484,1.1386812999035099,0,332.3,0
variable_noise,904,ukf_tuned,,0.01172648651181335,0.4577233815234198,0.83125,0.021400315689009502,6.604245656268896,3.751149988642979,0.9007309998878554,1.1328603999345428,0,332.3,0
variable_noise,904,nake_q,,0.01502710866776635,0.48939104509982995,0.9875,0.022863064470868413,5.440007388821901,3.5332220034721997,1.0156985000548957,1.1784820501361535,0,332.3,0
variable_noise,904,nake_dynamics,,0.017178573405338238,0.46430502482502195,0.65,0.02229469038706855,11.087137465669503,3.80976106968726,1.0424590000184253,1.3292168499333454,0,332.3,0
variable_noise,904,nake_hybrid,,0.01848722966367679,0.49056900905716594,0.95625,0.023670693818923238,6.971766884786591,3.5179365502006474,1.0273615000642167,1.2681688499128536,0,332.3,0
variable_noise,905,ukf_published,,0.01209101819384662,0.4341468115770166,0.81875,0.01949159006182129,6.976838912337401,5.963960117585214,0.9325485000317713,1.2772609499961616,0,332.3,0
variable_noise,905,ukf_tuned,,0.01268131671205787,0.532686842989746,0.825,0.02465928293404582,8.316054811372585,4.738658244932493,0.9265750001077322,1.2610423999035445,0,332.3,0
variable_noise,905,nake_q,,0.024845710421288393,0.5955702496153502,1.0,0.02837798017645766,6.9596838216869354,4.112084935598261,1.0749885000223003,1.3938524498485092,0,332.3,0
variable_noise,905,nake_dynamics,,0.016091968524221758,0.5359803259141387,0.74375,0.02505209582865773,11.370761438685754,4.875864665553975,1.0704514999133607,1.4271284498590826,0,332.3,0
variable_noise,905,nake_hybrid,,0.02469052506884161,0.6016195302598479,1.0,0.029672742886377956,8.757559576052635,4.120272732989461,1.12406200003079,1.8692175000637685,0,332.3,0
variable_noise,906,ukf_published,,0.010042398846986943,0.40632450391594527,0.8375,0.01825725546326807,6.2473130306887,5.924422664028909,0.94677499998852,1.2438241500149159,0,332.3,0
variable_noise,906,ukf_tuned,,0.011125133483316707,0.5171360558948261,0.8375,0.02413496814469109,7.909988550920967,4.6251000571456276,0.9194044999958351,1.2683332999358747,0,332.3,0
variable_noise,906,nake_q,,0.01606029014517856,0.5730382844184654,0.9875,0.027286128121583996,6.695269288537242,4.032146431151297,1.0507665000432098,1.6207813499363504,0,332.3,0
variable_noise,906,nake_dynamics,,0.015922989925883254,0.5179048636203788,0.69375,0.0245814006419911,11.729834205491318,4.820331655617508,1.0448025001323913,1.3691923999658682,0,332.3,0
variable_noise,906,nake_hybrid,,0.016038445803040386,0.5711500914293755,0.975,0.027990216462187974,7.559608163307703,4.102824887236855,1.1587744997996197,3.0588935499395116,0,332.3,0
variable_noise,907,ukf_published,,0.013042492199888359,0.42531930873119567,0.80625,0.019039707532783057,6.801817858140753,6.552341177504289,0.981226499902732,2.2752906998562126,0,332.3,0
variable_noise,907,ukf_tuned,,0.013907947047333644,0.5251279785534918,0.8125,0.024397013697711002,8.323423759296528,5.292535416318296,0.956704500140404,2.622667849914246,0,332.3,0
variable_noise,907,nake_q,,0.015513417074825259,0.5666632845989186,0.9875,0.02632565672075391,6.493562008184817,4.867906431955842,1.0153135000336988,1.3937288498937046,0,332.3,0
variable_noise,907,nake_dynamics,,0.019648915428281788,0.5295205890395002,0.625,0.025265698086950956,13.780326126774321,5.414759600235255,1.0440515000027517,1.4005541500750949,0,332.3,0
variable_noise,907,nake_hybrid,,0.025764175907880042,0.5875526240448304,0.975,0.028513113358195456,7.337632002557868,4.789680289814222,1.1189895001280092,2.1138463500619746,0,332.3,0
sensor_dropout,900,ukf_published,,0.00697242471744152,0.22807220855419028,0.9875,0.010526209626196631,1.7624141126625736,1.6732205483853022,0.9721535000153381,2.6200260499877,0,332.3,0
sensor_dropout,900,ukf_tuned,,0.008356518420451051,0.30014416239848574,0.98125,0.013998033316077775,2.043989682632736,1.357443457127137,0.977401500108499,2.168993049917839,0,332.3,0
sensor_dropout,900,nake_q,,0.008559117003061585,0.3079842593922203,0.99375,0.01437902689257038,2.0275931611609863,1.325467410269268,1.075894999985394,2.153150900062425,0,332.3,0
sensor_dropout,900,nake_dynamics,,0.014717397753812441,0.3930753725331278,0.9875,0.01821369350642418,2.790919948860716,1.4000622144657642,1.1084129999971992,2.0600362000209307,0,332.3,0
sensor_dropout,900,nake_hybrid,,0.01445378383044604,0.39368586208345413,0.9875,0.01827841489690309,2.6380968327524608,1.3595265094043116,1.0987690001229566,1.8689059000507724,0,332.3,0
sensor_dropout,901,ukf_published,,0.006912209253561824,0.22299248659634674,0.9875,0.010137907061815719,1.6036711405121982,1.5346339778611897,0.9585724999396916,2.0382548000043244,0,332.3,0
sensor_dropout,901,ukf_tuned,,0.009101941060907039,0.3088332173928851,0.98125,0.014231811344763878,1.9127862777392175,1.2279295893727615,0.9238554999910775,1.8531554001469872,0,332.3,0
sensor_dropout,901,nake_q,,0.009367166195883674,0.3179854355011027,1.0,0.014681655853174993,1.880314159578397,1.1892026252827212,1.0586285000044882,2.501344050040187,0,332.3,0
sensor_dropout,901,nake_dynamics,,0.01120905044597482,0.3276224182357519,0.91875,0.015839282581235507,2.796941007171156,1.2631258506068583,1.0331550000728384,1.7147999000712835,0,332.3,0
sensor_dropout,901,nake_hybrid,,0.011008506159410191,0.33153458310751144,0.96875,0.016064868235577984,2.8099547756142926,1.222208574845468,1.1064904998647762,3.3178819999193347,0,332.3,0
sensor_dropout,902,ukf_published,,0.009639492351135927,0.2760531596770367,0.95,0.012816185507914246,1.7821279619577404,1.5071641085751541,0.9511114999440906,2.062450500022802,0,332.3,0
sensor_dropout,902,ukf_tuned,,0.013677831048994022,0.39579451305241437,0.9375,0.01860712455774942,1.9815299444881043,1.2153273379456035,0.9780074999525823,2.072620300089056,0,332.3,0
sensor_dropout,902,nake_q,,0.013846652821468911,0.4026348296740191,0.9875,0.01897539161864935,1.982177325670559,1.1755825953671095,1.1108020000847318,1.5969057000120277,0,332.3,0
sensor_dropout,902,nake_dynamics,,0.016253772050824764,0.44196681897791945,0.93125,0.02130480306738071,2.3292505184625782,1.2552572929036256,1.1653190000515679,1.7075921000582612,0,332.3,0
sensor_dropout,902,nake_hybrid,,0.01629389836019297,0.44583186011426423,0.95625,0.02153968218711778,2.269883853475945,1.2125772757757138,1.0427789999312154,1.4195718500559449,0,332.3,0
sensor_dropout,903,ukf_published,,0.009181678260167492,0.2457391105702876,1.0,0.011568827858514402,1.4616690598120325,1.4025455626760135,1.0053930000140099,1.3456360499731082,0,332.3,0
sensor_dropout,903,ukf_tuned,,0.01096614363793371,0.3267714408343056,1.0,0.015392948912009239,1.6669664630967382,1.1269560292527308,1.0048129998949662,1.4964768500249177,0,332.3,0
sensor_dropout,903,nake_q,,0.010986757414771908,0.33262931529832584,1.0,0.015688961643388327,1.6411016370017926,1.0903697748184165,1.0168205000127273,1.3248199499685143,0,332.3,0
sensor_dropout,903,nake_dynamics,,0.01642872123412182,0.4330465621471303,0.98125,0.020094402305842047,2.5149044233123066,1.1729916344243578,1.0333554999988337,1.3324676500019448,0,332.3,0
sensor_dropout,903,nake_hybrid,,0.01624513671486383,0.4356222423560214,0.9875,0.020231762322781243,2.3899596843946496,1.1297383438933497,1.0501909999902637,1.2763964000896517,0,332.3,0
sensor_dropout,904,ukf_published,,0.008907710132267316,0.25808608036671693,0.96875,0.011646546712926843,1.8621637719083133,1.6058989212017858,0.8995084999696701,1.4616190498372814,0,332.3,0
sensor_dropout,904,ukf_tuned,,0.009289713612867661,0.31809144559106706,0.9625,0.014571690525374877,2.138046614202092,1.2713824892684553,0.922353499959172,1.7392665498732618,0,332.3,0
sensor_dropout,904,nake_q,,0.009377991600791518,0.32372909624277074,1.0,0.01485501313916767,2.0872006635337383,1.239402585704635,1.0101660000145785,1.273561900040931,0,332.3,0
sensor_dropout,904,nake_dynamics,,0.01633664487622631,0.4195979258018352,0.9125,0.019286052424577274,3.1791671803706714,1.3076404350316,1.0412724999468992,1.345498000102907,0,332.3,0
sensor_dropout,904,nake_hybrid,,0.015908069105887577,0.41503329075768286,0.99375,0.01911031898047581,2.979248864659989,1.2683513219739668,1.026735499976894,1.3349018999861073,0,332.3,0
sensor_dropout,905,ukf_published,,0.008616021038904841,0.21537326879175894,0.99375,0.010135119698131443,1.2396251313981448,1.3676493786057247,0.8945010000616094,1.1533143999599813,0,332.3,0
sensor_dropout,905,ukf_tuned,,0.009699134898207541,0.27934338116675106,0.99375,0.013218211471594228,1.4227501362230224,1.1188618831592103,0.8990384999378875,1.164444099970296,0,332.3,0
sensor_dropout,905,nake_q,,0.00980083262727435,0.2866543803696327,1.0,0.01359128237913347,1.3828571901436013,1.0909476527063853,1.098273000025074,3.150838649992238,0,332.3,0
sensor_dropout,905,nake_dynamics,,0.014782763497596801,0.38774455161582533,0.94375,0.017923446895598865,2.1387715081479928,1.153683001217682,1.0941970000430956,1.5198473499481222,0,332.3,0
sensor_dropout,905,nake_hybrid,,0.014345593573904454,0.38592949595784487,1.0,0.01788954327010652,1.8209739359957833,1.1175529912880495,1.1401305000617867,1.5876401499440362,0,332.3,0
sensor_dropout,906,ukf_published,,0.008238274504156599,0.23721131415059477,0.975,0.010976437855356718,1.3355432958985205,1.4139092469143615,0.9834205000061047,1.3071136502048828,0,332.3,0
sensor_dropout,906,ukf_tuned,,0.009674076664118757,0.3056963761350213,0.96875,0.01421762087611336,1.5649260332695385,1.1362249910645723,0.9790984998971908,1.3089742500710593,0,332.3,0
sensor_dropout,906,nake_q,,0.009725860119251879,0.3131228873803962,0.96875,0.014570724748546992,1.5653418603682594,1.1025882473964428,1.0556490001363272,1.3620942999978067,0,332.3,0
sensor_dropout,906,nake_dynamics,,0.012711061102642493,0.36452381570127745,0.9625,0.016784001447039877,1.9462279352135525,1.1758082597688755,1.077005999945868,1.4206089500248706,0,332.3,0
sensor_dropout,906,nake_hybrid,,0.012218337865428029,0.3637937280115733,0.96875,0.016778900007608455,1.8936460092164673,1.1384167320371916,1.1150940000561604,1.4385099500941578,0,332.3,0
sensor_dropout,907,ukf_published,,0.010603010072359462,0.2489982979440675,0.98125,0.011299798234068344,1.6136161656647914,1.3620789110970728,0.9227889999010586,1.3349603499477778,0,332.3,0
sensor_dropout,907,ukf_tuned,,0.01193977036224199,0.3151642121711904,0.98125,0.014521834500609008,1.814206654045885,1.09238413537929,0.9474559999489429,1.3850230501589056,0,332.3,0
sensor_dropout,907,nake_q,,0.012198719151877133,0.3208270376293485,0.9875,0.014794675521254417,1.8057893288214988,1.0628671022798375,1.059249500031001,1.685086049997153,0,332.3,0
sensor_dropout,907,nake_dynamics,,0.022093968881565493,0.5171586952851603,0.94375,0.02374462192174283,2.453685653260897,1.105314047932157,1.0890345000689194,1.4424413501046722,0,332.3,0
sensor_dropout,907,nake_hybrid,,0.02124407082612021,0.5009296005437125,0.95625,0.023025591904603477,2.3089461266989373,1.07548233244898,1.0386885001025803,1.342026950010222,0,332.3,0
OOD_combined,900,ukf_published,,0.07565440247107914,0.7125691770898911,0.25,0.05840376147321769,393.62101950507565,20.09470138656675,0.9407109999983732,1.3318768001568058,0,339.78704383511473,0
OOD_combined,900,ukf_tuned,,0.06904240524069981,0.5119977797747413,0.25,0.04198224537172485,187.51306496289072,8.156119325372334,0.9433245000991519,1.2623508001524895,0,339.78704383511473,0
OOD_combined,900,nake_q,,0.053459032277193286,0.5246503402272182,0.75625,0.04053144411989401,39.23947755235427,5.916297040218629,1.0284280000405488,1.3857275500413377,0,339.78704383511473,0
OOD_combined,900,nake_dynamics,,0.03835081537770784,0.47476761029835735,0.25,0.02983939480139254,62.11341618709074,5.604708405334982,1.039493999996921,1.3014816001145846,0,339.78704383511473,0
OOD_combined,900,nake_hybrid,,0.029735237879070717,0.5219011573668599,0.98125,0.031607108400195524,17.02881497669777,4.688382748321195,1.0413825000341603,1.3736836999669322,0,339.78704383511473,0
OOD_combined,901,ukf_published,,0.07066384957553619,0.5954768687687453,0.25,0.055146888457679615,368.552596424564,20.32068431735244,0.8867550001241398,0.9470404998182856,0,339.78704383511473,0
OOD_combined,901,ukf_tuned,,0.06391806198795232,0.43431601001616793,0.25,0.03870872007145797,168.68161548928757,7.925811298987,0.8938454999452006,0.9912711999959353,0,339.78704383511473,0
OOD_combined,901,nake_q,,0.04746931976273471,0.4565511090098316,0.825,0.03764251150654968,35.35052666364039,5.922764572619752,1.0058034999929077,1.1707889001172587,0,339.78704383511473,0
OOD_combined,901,nake_dynamics,,0.03327881789028374,0.4110638803052916,0.25,0.026519293624225594,51.156853283013405,5.111576442320681,1.0077970000565983,1.1255188500285838,0,339.78704383511473,0
OOD_combined,901,nake_hybrid,,0.027266386660368836,0.45068435476013713,0.98125,0.028734427945493617,15.986006934999441,4.526768398632616,1.0147975000336373,1.1203481501411259,0,339.78704383511473,0
OOD_combined,902,ukf_published,,0.07784450184726055,0.747714903867759,0.25,0.058451995095553155,399.1125748142023,19.032042606592423,0.8911814999237322,0.9683721501119174,0,339.78704383511473,0
OOD_combined,902,ukf_tuned,,0.07121420258765666,0.502902798116775,0.25,0.041566629469891196,193.94670768590566,7.196689819419285,0.8948970000801637,1.0265032000233985,0,339.78704383511473,0
OOD_combined,902,nake_q,,0.04949539458456947,0.48183308143420017,0.9,0.03994614577680499,34.405616050641655,5.223089889547398,1.0037409999767988,1.3520118999167574,0,339.78704383511473,0
OOD_combined,902,nake_dynamics,,0.039582907647119844,0.45032900773448176,0.25,0.028677325365072615,63.82358290271336,4.4379109675340525,1.0160645000496515,1.1740368499772558,0,339.78704383511473,0
OOD_combined,902,nake_hybrid,,0.03472264421418228,0.46881813411360623,0.95625,0.03107129491713358,19.13662071520691,3.859334338174617,1.051547500082961,1.3814299999921784,0,339.78704383511473,0
OOD_combined,903,ukf_published,,0.07187119793075576,0.5941739647077546,0.25,0.05664602300170558,381.2925806788368,18.95408986899432,0.9270905001130814,1.6460959501500798,0,339.78704383511473,0
OOD_combined,903,ukf_tuned,,0.06520708473021779,0.37625005198024714,0.25,0.03952089109638739,174.66614725347392,7.213385875137462,0.9168200001568039,1.203459900114012,0,339.78704383511473,0
OOD_combined,903,nake_q,,0.04618167795489015,0.3840944300446747,0.88125,0.03817163651392594,33.4723487667816,5.362110589132273,0.9988184999656369,1.3651578500457615,0,339.78704383511473,0
OOD_combined,903,nake_dynamics,,0.034354973795740665,0.3457175651686383,0.25,0.026979934073617966,54.33080240640354,4.65714950218055,1.0254684999608799,1.3138027000536567,0,339.78704383511473,0
OOD_combined,903,nake_hybrid,,0.02996550465890152,0.38019851161715007,0.9375,0.029127839282827875,19.020971166616278,4.077850110781905,1.060931999973036,1.6662688000906174,0,339.78704383511473,0
OOD_combined,904,ukf_published,,0.07389591454622335,0.6808289118547257,0.25,0.056225315656725804,376.40169253345755,20.325419585738604,1.0084630000619654,1.8035880998922948,0,339.78704383511473,0
OOD_combined,904,ukf_tuned,,0.06711312580061077,0.5005459718735369,0.25,0.04006516031070374,177.6675809113636,7.7815153170638185,0.9970859999839377,1.3565802999210064,0,339.78704383511473,0
OOD_combined,904,nake_q,,0.046569578769199794,0.5075052729725898,0.85625,0.038647747184123275,35.559224247262826,5.561311998152031,1.0828100000708218,1.6276822000236264,0,339.78704383511473,0
OOD_combined,904,nake_dynamics,,0.03655999798353508,0.46748922491335,0.25625,0.027886350237473698,56.28638933951004,4.959294934925479,1.0968655000169747,1.4384341000095446,0,339.78704383511473,0
OOD_combined,904,nake_hybrid,,0.029950930094286184,0.49769722324262317,0.91875,0.03039821313399927,18.707833661450984,4.170421298633974,1.119950499969491,1.4616874498528887,0,339.78704383511473,0
OOD_combined,905,ukf_published,,0.0737988752680644,0.6465691985381744,0.25,0.05571069190726392,378.3269796342379,19.548514693027066,0.9613569999373794,1.2375770499488679,0,339.78704383511473,0
OOD_combined,905,ukf_tuned,,0.0670613500244171,0.4272497594744198,0.25,0.03885369714971271,177.85076873256676,7.39340269952482,0.9422685000117781,1.2678474501512935,0,339.78704383511473,0
OOD_combined,905,nake_q,,0.04890605691993248,0.4281230172407687,0.8625,0.0374698885671097,33.969142147933,5.349303324708186,1.0461545000453043,1.3659502500445337,0,339.78704383511473,0
OOD_combined,905,nake_dynamics,,0.036097271443792905,0.389448210343538,0.25,0.026063852391876273,55.436533569705716,4.622403579206972,1.058502999967459,1.3597247501138554,0,339.78704383511473,0
OOD_combined,905,nake_hybrid,,0.03146569638562718,0.41757725372352206,0.98125,0.028489067613357993,17.820755429186057,3.957365914558049,1.09808799993516,1.4859985999578382,0,339.78704383511473,0
OOD_combined,906,ukf_published,,0.07247049471463168,0.624863853088739,0.25,0.05479996448367319,370.4022805033439,19.679515942429425,0.9564294999790945,1.3069177501733975,0,339.78704383511473,0
OOD_combined,906,ukf_tuned,,0.06568543875471955,0.43373809441825795,0.25,0.03806190862419375,172.27817716203737,7.267472111373445,0.9356335000347826,1.3096346001020716,0,339.78704383511473,0
OOD_combined,906,nake_q,,0.04664659356791912,0.4527570004543404,0.875,0.036861761215590004,29.709924832688863,5.086965189004192,1.0702415000878318,1.423557650093697,0,339.78704383511473,0
OOD_combined,906,nake_dynamics,,0.035058704429501736,0.4043263280082139,0.26875,0.025362701340915783,52.9077241507018,4.326397454184852,1.058368000030896,1.3684982001223034,0,339.78704383511473,0
OOD_combined,906,nake_hybrid,,0.030264893330367634,0.44880690953532476,0.95,0.028039500903903475,15.849336784001903,3.6815168854258205,1.061462499933441,1.4527420999456808,0,339.78704383511473,0
OOD_combined,907,ukf_published,,0.07061103700049083,0.5695539890053861,0.25,0.05360951585249263,361.0212986929272,20.28090346955459,0.9224634999327463,1.3642223998544971,0,339.78704383511473,0
OOD_combined,907,ukf_tuned,,0.0637751367206054,0.3857584057280222,0.25,0.0367599136329754,164.57186127564614,7.6293234492158035,0.9336955000662783,2.1548016499991713,0,339.78704383511473,0
OOD_combined,907,nake_q,,0.0450544877074797,0.41131027282751326,0.94375,0.035669974500909536,29.224474348844957,5.52948496457484,1.034356999866759,2.047180149941141,0,339.78704383511473,0
OOD_combined,907,nake_dynamics,,0.033628962873592766,0.3658897300589172,0.2375,0.024371215465589804,49.148481111725836,4.686673518328087,1.0191390000500178,1.2213936000080137,0,339.78704383511473,0
OOD_combined,907,nake_hybrid,,0.029280063790811856,0.4089427210053958,0.95,0.02701383450875186,16.322345339785418,4.092213125464271,1.0159640000892978,1.1859315501624224,0,339.78704383511473,0
