regime,label,ukf_published_cc_rmse,ukf_tuned_cc_rmse,nake_q_cc_rmse,nake_dynamics_cc_rmse,nake_hybrid_cc_rmse,hybrid_gain_pct
nominal,Nominal,0.006907857580637281,0.007041744898318028,0.0069928800990981775,0.007840804655177667,0.007833422451025168,-11.242633241318313
startup,Partida,0.007106098079970766,0.007119621737175799,0.0071935536076639765,0.007999792121941733,0.008203067552562095,-15.21774407942178
feed_steps,Degraus na alimentação,0.006793927496893283,0.006909519579567867,0.006888546560134415,0.008302860388932957,0.008519697081318413,-23.303754815486744
coolant_steps,Degraus na refrigeração,0.006899614905384961,0.0070328054078436595,0.00701648515209481,0.007980123720412544,0.007956080795510106,-13.128123616739362
UA_mismatch,UA: -12%,0.009540652975810962,0.007750501959306603,0.007151662960113979,0.008569566870256081,0.009520174757473585,-22.83300884843986
kinetic_mismatch,Cinética: +10%,0.03881456094847102,0.037859622507017285,0.030385076034829185,0.02291873646461903,0.02102601554874462,44.46321923878811
variable_noise,Ruído dos sensores: ×3,0.010682853390418424,0.0113040542962413,0.01812169365107086,0.015720359634338096,0.019293151371622765,-70.67461696497612
sensor_dropout,Perda de sensores,0.008633852541249373,0.010338141213215222,0.01048288711679762,0.01556667248034562,0.015214674554531665,-47.17031080096663
OOD_combined,Fora do treino: combinado,0.07335128416925524,0.06662710073085992,0.04797276769298984,0.035864056430159316,0.030331419626702025,54.475852477468955
