case,estimator,prediction,mode,constrained,runs,IAE_event_mean,PI_EKF_IAE_event_mean,paired_gain_mean_pct,paired_gain_std_pct,improved_seed_count,gain_min_pct,gain_max_pct,Tmax_C,PI_EKF_Tmax_C,actual_limit_violating_runs,PI_EKF_actual_limit_violating_runs,comparison
servo_up,ukf,physical,siso,False,3,0.013030363691921463,0.011285568644160018,-15.46537854763666,1.4011285796804596,0,-16.653346229253096,-13.497971416006482,175.8057898585679,175.86456294779032,3,3,common SISO unconstrained protocol
servo_up,ukf,physical,siso,True,3,0.1001562572096598,0.011285568644160018,-787.0345125187199,29.554401527122387,0,-819.7395365704892,-748.1435882646091,165.41357130641214,175.86456294779032,3,3,design change: new predicted thermal constraint
servo_up,ukf,physical,mimo,False,3,0.013219800688330277,0.011285568644160018,-17.146800199826767,2.2563460465301635,0,-19.04496601286574,-13.976372850813945,161.59471061367037,175.86456294779032,0,3,design change: second actuator and thermal objective; unconstrained
servo_up,ukf,physical,mimo,True,3,0.013220133471316071,0.011285568644160018,-17.14967098306899,2.2572771716259505,0,-19.04220481198633,-13.977042210304692,161.59476898034225,175.86456294779032,0,3,design change: second actuator and thermal objective; new predicted thermal constraint
servo_up,ukf,neural,siso,False,3,0.013039945282195825,0.011285568644160018,-15.549512738607637,2.0771790285470138,0,-17.05499350372539,-12.61224613181875,175.78951833821392,175.86456294779032,3,3,common SISO unconstrained protocol
servo_up,ukf,neural,siso,True,3,0.09929683615883349,0.011285568644160018,-780.0429903402509,45.87037112421521,0,-820.7724722178912,-715.9521885212864,165.41121211314362,175.86456294779032,3,3,design change: new predicted thermal constraint
servo_up,ukf,neural,mimo,False,3,0.01325285684403591,0.011285568644160018,-17.43883093901746,1.391463533697297,0,-18.772229877737235,-15.518819217631052,161.5950371989961,175.86456294779032,0,3,design change: second actuator and thermal objective; unconstrained
servo_up,ukf,neural,mimo,True,3,0.013253224144759846,0.011285568644160018,-17.442004119085503,1.3906337678163285,0,-18.768835670862003,-15.521436029754554,161.59504752135857,175.86456294779032,0,3,design change: second actuator and thermal objective; new predicted thermal constraint
servo_up,ukf_tuned,physical,siso,False,3,0.012559116501223114,0.011285568644160018,-11.286406509802836,1.2152634782823932,0,-12.19031850961818,-9.568549524465064,175.78546256506266,175.86456294779032,3,3,common SISO unconstrained protocol
servo_up,ukf_tuned,physical,siso,True,3,0.12582403239759613,0.011285568644160018,-1015.1685651034096,18.264854384971763,0,-1034.769357984107,-990.7988842814472,165.89793424606353,175.86456294779032,3,3,design change: new predicted thermal constraint
servo_up,ukf_tuned,physical,mimo,False,3,0.012808384564422142,0.011285568644160018,-13.49848614263749,2.1151024121226305,0,-15.091317363976797,-10.509434254356908,162.0513262541947,175.86456294779032,0,3,design change: second actuator and thermal objective; unconstrained
servo_up,ukf_tuned,physical,mimo,True,3,0.01280835851933023,0.011285568644160018,-13.498251279052598,2.1157623108638957,0,-15.091117258145914,-10.508246154016998,162.051181063474,175.86456294779032,0,3,design change: second actuator and thermal objective; new predicted thermal constraint
servo_up,ukf_tuned,neural,siso,False,3,0.012569315593019992,0.011285568644160018,-11.376416020250998,1.5308645428289192,0,-12.579069763497941,-9.216071075247111,175.7766603652971,175.86456294779032,3,3,common SISO unconstrained protocol
servo_up,ukf_tuned,neural,siso,True,3,0.12132258363475805,0.011285568644160018,-974.9718548943588,15.302320043646482,0,-991.6361746055887,-954.682821095329,165.8057691890307,175.86456294779032,3,3,design change: new predicted thermal constraint
servo_up,ukf_tuned,neural,mimo,False,3,0.012841453934664881,0.011285568644160018,-13.789175051299594,1.4987365536264778,0,-14.852426713566768,-11.669645314767818,162.05015787421613,175.86456294779032,0,3,design change: second actuator and thermal objective; unconstrained
servo_up,ukf_tuned,neural,mimo,True,3,0.012841395940841006,0.011285568644160018,-13.788660511974072,1.4998954511038045,0,-14.852961489587745,-11.667492364942266,162.05010376848847,175.86456294779032,0,3,design change: second actuator and thermal objective; new predicted thermal constraint
servo_up,lstm_ukf,physical,siso,False,3,0.012613518110808747,0.011285568644160018,-11.774987197257417,1.510830919471813,0,-13.27163563575402,-9.706076862109313,175.7823138943593,175.86456294779032,3,3,common SISO unconstrained protocol
servo_up,lstm_ukf,physical,siso,True,3,0.09035657319286744,0.011285568644160018,-700.8485456755678,40.214588663898816,0,-740.1142481512654,-645.5860274602217,165.61280611948223,175.86456294779032,3,3,design change: new predicted thermal constraint
servo_up,lstm_ukf,physical,mimo,False,3,0.012785153965703075,0.011285568644160018,-13.29247683840815,1.7204725737808393,0,-14.650583509075265,-10.865081854821824,161.68168964724487,175.86456294779032,0,3,design change: second actuator and thermal objective; unconstrained
servo_up,lstm_ukf,physical,mimo,True,3,0.012785039850387273,0.011285568644160018,-13.291456303328042,1.72025214377263,0,-14.648682325898799,-10.864314110137464,161.68164851055388,175.86456294779032,0,3,design change: second actuator and thermal objective; new predicted thermal constraint
servo_up,lstm_ukf,neural,siso,False,3,0.012613024767610455,0.011285568644160018,-11.77092796540047,1.9600578428185986,0,-13.553466139200188,-9.041274162234147,175.76585125433056,175.86456294779032,3,3,common SISO unconstrained protocol
servo_up,lstm_ukf,neural,siso,True,3,0.10245208320991418,0.011285568644160018,-807.9505245297814,9.467830300281161,0,-818.5352710779714,-795.5565971106195,165.4885396523304,175.86456294779032,3,3,design change: new predicted thermal constraint
servo_up,lstm_ukf,neural,mimo,False,3,0.012825082226224367,0.011285568644160018,-13.643821199465195,1.1445458032540403,0,-14.479133652079646,-12.025470393549952,161.65029025217362,175.86456294779032,0,3,design change: second actuator and thermal objective; unconstrained
servo_up,lstm_ukf,neural,mimo,True,3,0.012825176109281591,0.011285568644160018,-13.644642081687541,1.1450171177252022,0,-14.479307875407365,-12.025603705343935,161.65015415106822,175.86456294779032,0,3,design change: second actuator and thermal objective; new predicted thermal constraint
servo_up,nake,physical,siso,False,3,0.013051457638085517,0.011285568644160018,-15.652837469691994,4.786157234402162,0,-19.29542903222874,-8.890934778333293,175.6693574175547,175.86456294779032,3,3,common SISO unconstrained protocol
servo_up,nake,physical,siso,True,3,0.09651968323111715,0.011285568644160018,-754.5939967531025,97.52969906605814,0,-878.5480070196696,-640.2279106582233,165.34926532494234,175.86456294779032,3,3,design change: new predicted thermal constraint
servo_up,nake,physical,mimo,False,3,0.013473476883653607,0.011285568644160018,-19.343969988768865,3.1519985525008516,0,-21.60593569809015,-14.886536223626878,161.59522198609187,175.86456294779032,0,3,design change: second actuator and thermal objective; unconstrained
servo_up,nake,physical,mimo,True,3,0.013473776098860676,0.011285568644160018,-19.346590483530417,3.153983930916572,0,-21.609185301302738,-14.886341216677202,161.59543439378416,175.86456294779032,0,3,design change: second actuator and thermal objective; new predicted thermal constraint
servo_up,nake,neural,siso,False,3,0.013107456461268013,0.011285568644160018,-16.14772605382482,5.215908481079541,0,-20.261945933487937,-8.788404498937252,175.653258380094,175.86456294779032,3,3,common SISO unconstrained protocol
servo_up,nake,neural,siso,True,3,0.09647243511787584,0.011285568644160018,-755.4698983254647,47.150434023491954,0,-822.1469382330544,-721.5194921267102,165.34522229480612,175.86456294779032,3,3,design change: new predicted thermal constraint
servo_up,nake,neural,mimo,False,3,0.013557240057345876,0.011285568644160018,-20.081886683199826,3.719862201796772,0,-23.337513361916162,-14.875423682704469,161.59558699004333,175.86456294779032,0,3,design change: second actuator and thermal objective; unconstrained
servo_up,nake,neural,mimo,True,3,0.013557436815110976,0.011285568644160018,-20.08364214387341,3.720260800219682,0,-23.34208643019755,-14.877072343973463,161.59579745564434,175.86456294779032,0,3,design change: second actuator and thermal objective; new predicted thermal constraint
servo_up,lstm_nake,physical,siso,False,3,0.0126149858475167,0.011285568644160018,-11.788293834946032,2.990954892462785,0,-14.155810549861547,-7.568935832184676,175.71364641047273,175.86456294779032,3,3,common SISO unconstrained protocol
servo_up,lstm_nake,physical,siso,True,3,0.09634831793838694,0.011285568644160018,-754.0490725621116,77.59720288194261,0,-823.2359025184065,-645.6865870794425,165.57520982661617,175.86456294779032,3,3,design change: new predicted thermal constraint
servo_up,lstm_nake,physical,mimo,False,3,0.013251333140827335,0.011285568644160018,-17.385965534217075,2.497062099873563,0,-19.448619904861864,-13.872286358063723,161.6370334688683,175.86456294779032,0,3,design change: second actuator and thermal objective; unconstrained
servo_up,lstm_nake,physical,mimo,True,3,0.013251285874406658,0.011285568644160018,-17.385517998106238,2.4985324035523457,0,-19.44783324092334,-13.869579071062365,161.6369493216411,175.86456294779032,0,3,design change: second actuator and thermal objective; new predicted thermal constraint
servo_up,lstm_nake,neural,siso,False,3,0.012654400121024001,0.011285568644160018,-12.136217581826324,3.238003527478343,0,-14.534474552436926,-7.558735519239401,175.69755047745227,175.86456294779032,3,3,common SISO unconstrained protocol
servo_up,lstm_nake,neural,siso,True,3,0.09358510699852507,0.011285568644160018,-729.994072497986,73.69445203431562,0,-825.4020959249838,-645.968026283758,165.45174546485524,175.86456294779032,3,3,design change: new predicted thermal constraint
servo_up,lstm_nake,neural,mimo,False,3,0.013386444774576275,0.011285568644160018,-18.583486069636056,2.658511928359338,0,-21.116609670558596,-14.910891824115025,161.6049274331441,175.86456294779032,0,3,design change: second actuator and thermal objective; unconstrained
servo_up,lstm_nake,neural,mimo,True,3,0.01338631886072949,0.011285568644160018,-18.582376763084874,2.6591094028688955,0,-21.117730332922726,-14.909438883903725,161.60485075346247,175.86456294779032,0,3,design change: second actuator and thermal objective; new predicted thermal constraint
servo_down,ukf,physical,siso,False,3,0.012310770338571655,0.011675384934001226,-5.4529271191845545,1.6056960162299123,0,-7.132935690731568,-3.2898325324673294,165.82003385532988,165.9543013872738,3,3,common SISO unconstrained protocol
servo_down,ukf,physical,siso,True,3,0.012310892479458756,0.011675384934001226,-5.4539450811010335,1.602971909516571,0,-7.132013425986239,-3.294932353351765,165.0082971975166,165.9543013872738,1,3,design change: new predicted thermal constraint
servo_down,ukf,physical,mimo,False,3,0.012410093866359127,0.011675384934001226,-6.301853818092074,1.5424658720958544,0,-8.032628896188875,-4.286633825314046,161.5723696659053,165.9543013872738,0,3,design change: second actuator and thermal objective; unconstrained
servo_down,ukf,physical,mimo,True,3,0.012410173120050653,0.011675384934001226,-6.302540600842151,1.5410661075831535,0,-8.030450024109781,-4.288336398597958,161.57240545013192,165.9543013872738,0,3,design change: second actuator and thermal objective; new predicted thermal constraint
servo_down,ukf,neural,siso,False,3,0.01230628003905765,0.011675384934001226,-5.414994625920477,1.5260077666431036,0,-6.906493965735994,-3.318459315994282,165.82854897298122,165.9543013872738,3,3,common SISO unconstrained protocol
servo_down,ukf,neural,siso,True,3,0.01230635576618913,0.011675384934001226,-5.41561645888912,1.5234867554290232,0,-6.905490908298217,-3.3228204008121986,165.00444445181387,165.9543013872738,1,3,design change: new predicted thermal constraint
servo_down,ukf,neural,mimo,False,3,0.012404478703459773,0.011675384934001226,-6.25511846333507,1.213189842614889,0,-7.280306050416985,-4.551102326623657,161.5563758033788,165.9543013872738,0,3,design change: second actuator and thermal objective; unconstrained
servo_down,ukf,neural,mimo,True,3,0.012404683255771043,0.011675384934001226,-6.2568603262099485,1.2114666934507978,0,-7.279989473704007,-4.555177109355446,161.5564212547549,165.9543013872738,0,3,design change: second actuator and thermal objective; new predicted thermal constraint
servo_down,ukf_tuned,physical,siso,False,3,0.012505285780131145,0.011675384934001226,-7.123462543352151,1.965442101189938,0,-8.96790849125939,-4.400417996162775,165.798588288547,165.9543013872738,3,3,common SISO unconstrained protocol
servo_down,ukf_tuned,physical,siso,True,3,0.012505038549562225,0.011675384934001226,-7.121355946735605,1.9629122022311445,0,-8.95999131354175,-4.40089932881107,164.874405215927,165.9543013872738,0,3,design change: new predicted thermal constraint
servo_down,ukf_tuned,physical,mimo,False,3,0.01252360570640551,0.011675384934001226,-7.279706343924297,1.9641934955521532,0,-9.194310061251375,-4.579474886524171,162.0809720460909,165.9543013872738,0,3,design change: second actuator and thermal objective; unconstrained
servo_down,ukf_tuned,physical,mimo,True,3,0.012523620885615788,0.011675384934001226,-7.279836916789602,1.9648438424070593,0,-9.195526958818313,-4.578858012586284,162.0810642467114,165.9543013872738,0,3,design change: second actuator and thermal objective; new predicted thermal constraint
servo_down,ukf_tuned,neural,siso,False,3,0.012505967846520943,0.011675384934001226,-7.129338222746026,1.9325837441119835,0,-8.910047754578155,-4.443398575951174,165.8068576363671,165.9543013872738,3,3,common SISO unconstrained protocol
servo_down,ukf_tuned,neural,siso,True,3,0.012505588652495972,0.011675384934001226,-7.126098089016364,1.9282744097918558,0,-8.89800554840281,-4.444978276278122,165.00196582612557,165.9543013872738,1,3,design change: new predicted thermal constraint
servo_down,ukf_tuned,neural,mimo,False,3,0.012513138466068418,0.011675384934001226,-7.187814427645267,1.5434016657057903,0,-8.591910780621713,-5.038521238650939,162.0665237183536,165.9543013872738,0,3,design change: second actuator and thermal objective; unconstrained
servo_down,ukf_tuned,neural,mimo,True,3,0.012513224489196334,0.011675384934001226,-7.188566738243092,1.5449118871327776,0,-8.593644042121706,-5.037081076886207,162.0665766328998,165.9543013872738,0,3,design change: second actuator and thermal objective; new predicted thermal constraint
servo_down,lstm_ukf,physical,siso,False,3,0.012462938519418742,0.011675384934001226,-6.758429980305128,1.7378878853338109,0,-8.449256008979567,-4.368280108586431,165.81268100949293,165.9543013872738,3,3,common SISO unconstrained protocol
servo_down,lstm_ukf,physical,siso,True,3,0.01246283010366097,0.011675384934001226,-6.757481692159144,1.7361241192275234,0,-8.447278230546807,-4.369978100731164,165.03072299197066,165.9543013872738,1,3,design change: new predicted thermal constraint
servo_down,lstm_ukf,physical,mimo,False,3,0.01250784092001035,0.011675384934001226,-7.140962421894319,1.727677307605656,0,-9.011665253051504,-4.844487754384197,161.7302820911651,165.9543013872738,0,3,design change: second actuator and thermal objective; unconstrained
servo_down,lstm_ukf,physical,mimo,True,3,0.012507610766046872,0.011675384934001226,-7.138988299996381,1.726938137211948,0,-9.008731335172726,-4.8434115492872465,161.73026722786895,165.9543013872738,0,3,design change: second actuator and thermal objective; new predicted thermal constraint
servo_down,lstm_ukf,neural,siso,False,3,0.012458732916149988,0.011675384934001226,-6.722537094728646,1.7017697358336172,0,-8.335209738667594,-4.369108158105139,165.8211754851189,165.9543013872738,3,3,common SISO unconstrained protocol
servo_down,lstm_ukf,neural,siso,True,3,0.012458652126626476,0.011675384934001226,-6.721832848569464,1.7001378409984174,0,-8.332923946565906,-4.370650821268662,165.0142268069371,165.9543013872738,1,3,design change: new predicted thermal constraint
servo_down,lstm_ukf,neural,mimo,False,3,0.012489387899629207,0.011675384934001226,-6.981052197660165,1.3412482514143778,0,-8.380198077924717,-5.172329397415543,161.72982042486151,165.9543013872738,0,3,design change: second actuator and thermal objective; unconstrained
servo_down,lstm_ukf,neural,mimo,True,3,0.012489155220437463,0.011675384934001226,-6.979043804705236,1.3411753752187605,0,-8.379513496534031,-5.171045192303825,161.72982190405654,165.9543013872738,0,3,design change: second actuator and thermal objective; new predicted thermal constraint
servo_down,nake,physical,siso,False,3,0.012650360182393156,0.011675384934001226,-8.353263087653689,0.3583793313605317,0,-8.713298769597323,-7.864320743744391,165.8263581891385,165.9543013872738,3,3,common SISO unconstrained protocol
servo_down,nake,physical,siso,True,3,0.012650300132260824,0.011675384934001226,-8.35274042881416,0.35691776803567427,0,-8.711091015140227,-7.86571113994996,165.00126988438564,165.9543013872738,1,3,design change: new predicted thermal constraint
servo_down,nake,physical,mimo,False,3,0.013147744394012353,0.011675384934001226,-12.612841659035587,0.3162323206808907,0,-12.969336952471423,-12.200740104325082,161.55924006508653,165.9543013872738,0,3,design change: second actuator and thermal objective; unconstrained
servo_down,nake,physical,mimo,True,3,0.013147913901382919,0.011675384934001226,-12.61425271724291,0.31634991675995067,0,-12.967464099427284,-12.199850486283982,161.5591272845763,165.9543013872738,0,3,design change: second actuator and thermal objective; new predicted thermal constraint
servo_down,nake,neural,siso,False,3,0.012682401236616266,0.011675384934001226,-8.626791551551326,0.1928466238107121,0,-8.787942530137482,-8.355670786671766,165.83481282596415,165.9543013872738,3,3,common SISO unconstrained protocol
servo_down,nake,neural,siso,True,3,0.01268221858926027,0.011675384934001226,-8.625214508563573,0.19114015914555058,0,-8.784663224514144,-8.356455971420695,164.99616240714542,165.9543013872738,0,3,design change: new predicted thermal constraint
servo_down,nake,neural,mimo,False,3,0.013265614557158618,0.011675384934001226,-13.621524578700749,0.4479507100131718,0,-13.969497519063069,-12.989088675666128,161.5434121870733,165.9543013872738,0,3,design change: second actuator and thermal objective; unconstrained
servo_down,nake,neural,mimo,True,3,0.013265823201653237,0.011675384934001226,-13.6233118430987,0.4493781080919795,0,-13.972049637408546,-12.98883699166431,161.543377122023,165.9543013872738,0,3,design change: second actuator and thermal objective; new predicted thermal constraint
servo_down,lstm_nake,physical,siso,False,3,0.012707182121627442,0.011675384934001226,-8.844770909623989,0.9208061451016631,0,-9.68456532380273,-7.562965968655222,165.81933754005317,165.9543013872738,3,3,common SISO unconstrained protocol
servo_down,lstm_nake,physical,siso,True,3,0.01270688582391056,0.011675384934001226,-8.842227097007726,0.9171556392553715,0,-9.675965274099795,-7.564880124393025,165.0249743965109,165.9543013872738,1,3,design change: new predicted thermal constraint
servo_down,lstm_nake,physical,mimo,False,3,0.012963766796493225,0.011675384934001226,-11.033621256617577,0.1888295584157175,0,-11.293043521466984,-10.849046934598071,161.69575343423364,165.9543013872738,0,3,design change: second actuator and thermal objective; unconstrained
servo_down,lstm_nake,physical,mimo,True,3,0.01296389334939372,0.011675384934001226,-11.034687386957136,0.19102218649222585,0,-11.297172771832553,-10.848124891161959,161.6959546276965,165.9543013872738,0,3,design change: second actuator and thermal objective; new predicted thermal constraint
servo_down,lstm_nake,neural,siso,False,3,0.012731222355756952,0.011675384934001226,-9.049590932379084,0.7629327402715586,0,-9.723529787028795,-7.982926798747214,165.8277658457988,165.9543013872738,3,3,common SISO unconstrained protocol
servo_down,lstm_nake,neural,siso,True,3,0.012730935540626378,0.011675384934001226,-9.047132733816328,0.7605329477202635,0,-9.716720788808653,-7.983398088498106,165.00893357746796,165.9543013872738,1,3,design change: new predicted thermal constraint
servo_down,lstm_nake,neural,mimo,False,3,0.013050143729892343,0.011675384934001226,-11.770584347757064,0.4788298081375127,0,-12.445627367210577,-11.386644424045954,161.69543563106186,165.9543013872738,0,3,design change: second actuator and thermal objective; unconstrained
servo_down,lstm_nake,neural,mimo,True,3,0.01305026975373036,0.011675384934001226,-11.771655228215408,0.48019009498522036,0,-12.44856799496108,-11.386128465139267,161.6955850724761,165.9543013872738,0,3,design change: second actuator and thermal objective; new predicted thermal constraint
benzene_50,ukf,physical,siso,False,3,0.0014529926469471603,0.0018015854100416288,20.338219120810084,9.416266346921423,3,11.382783369595995,33.35111337149309,182.2569349952153,182.3771248602557,3,3,common SISO unconstrained protocol
benzene_50,ukf,physical,siso,True,3,0.18983616495031938,0.0018015854100416288,-10616.401950503176,1386.6144467695472,0,-11898.303290247062,-8690.30687148604,165.47174803769144,182.3771248602557,3,3,design change: new predicted thermal constraint
benzene_50,ukf,physical,mimo,False,3,0.0014298075149548632,0.0018015854100416288,21.36878140279003,7.4361884223260795,3,14.955833742586632,31.793352219572046,161.5686800020696,182.3771248602557,0,3,design change: second actuator and thermal objective; unconstrained
benzene_50,ukf,physical,mimo,True,3,0.0014299266783294323,0.0018015854100416288,21.362851239560268,7.433431841519918,3,14.93948051006846,31.781414899893946,161.56861773492426,182.3771248602557,0,3,design change: second actuator and thermal objective; new predicted thermal constraint
benzene_50,ukf,neural,siso,False,3,0.0014531185757949295,0.0018015854100416288,20.95356390493743,12.701262049209005,3,4.441323746689008,35.33279840249786,182.2000600398348,182.3771248602557,3,3,common SISO unconstrained protocol
benzene_50,ukf,neural,siso,True,3,0.194478750236208,0.0018015854100416288,-10866.553169977158,1332.7333883416213,0,-12243.393422800664,-9063.457927105686,165.3209725002707,182.3771248602557,3,3,design change: new predicted thermal constraint
benzene_50,ukf,neural,mimo,False,3,0.0015046060071704289,0.0018015854100416288,16.64144628645756,5.048366460076044,3,10.57758327312407,22.936992336766927,161.56871067291968,182.3771248602557,0,3,design change: second actuator and thermal objective; unconstrained
benzene_50,ukf,neural,mimo,True,3,0.0015044763227130473,0.0018015854100416288,16.649002646979678,5.049080732234495,3,10.586280120798575,22.947223417125073,161.56864709061938,182.3771248602557,0,3,design change: second actuator and thermal objective; new predicted thermal constraint
benzene_50,ukf_tuned,physical,siso,False,3,0.0015189534388094764,0.0018015854100416288,16.364590935702115,5.338953393844605,3,9.438964304923559,22.431901676844657,182.34236438375277,182.3771248602557,3,3,common SISO unconstrained protocol
benzene_50,ukf_tuned,physical,siso,True,3,0.20215843398639569,0.0018015854100416288,-11294.523708853754,1349.226125677405,0,-12720.803798154517,-9483.69949402333,165.32448228902524,182.3771248602557,3,3,design change: new predicted thermal constraint
benzene_50,ukf_tuned,physical,mimo,False,3,0.0014592223369965327,0.0018015854100416288,19.691160374212753,6.926493159485038,3,13.646492730217552,29.388893512941728,161.98628139468443,182.3771248602557,0,3,design change: second actuator and thermal objective; unconstrained
benzene_50,ukf_tuned,physical,mimo,True,3,0.0014591443841886168,0.0018015854100416288,19.69510062248367,6.919361975969145,3,13.652336451697057,29.382073913008345,161.9862452079749,182.3771248602557,0,3,design change: second actuator and thermal objective; new predicted thermal constraint
benzene_50,ukf_tuned,neural,siso,False,3,0.0015281181590245118,0.0018015854100416288,16.22143576131474,8.111823935607495,3,4.8052991857320375,22.907461414830244,182.28522164399266,182.3771248602557,3,3,common SISO unconstrained protocol
benzene_50,ukf_tuned,neural,siso,True,3,0.20148597778667768,0.0018015854100416288,-11263.096042642488,1401.0711724533148,0,-12787.287887114724,-9404.58320091233,165.3202643362865,182.3771248602557,3,3,design change: new predicted thermal constraint
benzene_50,ukf_tuned,neural,mimo,False,3,0.0015150599713345597,0.0018015854100416288,16.15181006001515,4.285695019927437,3,11.82810884888077,21.99197258593012,161.97934574243797,182.3771248602557,0,3,design change: second actuator and thermal objective; unconstrained
benzene_50,ukf_tuned,neural,mimo,True,3,0.001514905870048418,0.0018015854100416288,16.160482143416353,4.284047599707448,3,11.840274629595049,21.999097968131075,161.9792643019136,182.3771248602557,0,3,design change: second actuator and thermal objective; new predicted thermal constraint
benzene_50,lstm_ukf,physical,siso,False,3,0.0014599340774297386,0.0018015854100416288,19.770213158725635,6.301000735520358,3,11.411697228821593,26.624414859664903,182.34024062179392,182.3771248602557,3,3,common SISO unconstrained protocol
benzene_50,lstm_ukf,physical,siso,True,3,0.16717494011714298,0.0018015854100416288,-9300.331997540874,946.6708512744618,0,-10336.258222512999,-8047.915895891909,165.57092709071992,182.3771248602557,3,3,design change: new predicted thermal constraint
benzene_50,lstm_ukf,physical,mimo,False,3,0.0014336430011200503,0.0018015854100416288,21.16570323622656,6.2175739902791225,3,13.928698009949436,29.10932503882353,161.61508442102058,182.3771248602557,0,3,design change: second actuator and thermal objective; unconstrained
benzene_50,lstm_ukf,physical,mimo,True,3,0.001433474362405229,0.0018015854100416288,21.175129244365085,6.21851701957112,3,13.937790857712628,29.120532851987925,161.61509141756306,182.3771248602557,0,3,design change: second actuator and thermal objective; new predicted thermal constraint
benzene_50,lstm_ukf,neural,siso,False,3,0.0014561799400108183,0.0018015854100416288,20.355198790078408,9.261963629191278,3,7.276271127251532,27.512880864185785,182.28320418320706,182.3771248602557,3,3,common SISO unconstrained protocol
benzene_50,lstm_ukf,neural,siso,True,3,0.18458285527434795,0.0018015854100416288,-10299.134411317465,1226.1985480716376,0,-11744.5631945924,-8746.72366359559,165.44320896733416,182.3771248602557,3,3,design change: new predicted thermal constraint
benzene_50,lstm_ukf,neural,mimo,False,3,0.0014874388884018985,0.0018015854100416288,17.80560375478241,3.8148503895607178,3,14.615233647237769,23.168517457855465,161.5673237644925,182.3771248602557,0,3,design change: second actuator and thermal objective; unconstrained
benzene_50,lstm_ukf,neural,mimo,True,3,0.0014873697392386975,0.0018015854100416288,17.80948933126074,3.8144442206538343,3,14.618310584826855,23.171676735187972,161.5671586071025,182.3771248602557,0,3,design change: second actuator and thermal objective; new predicted thermal constraint
benzene_50,nake,physical,siso,False,3,0.003243949297754087,0.0018015854100416288,-80.22737783091257,1.3080106734618497,0,-81.68537130854936,-78.51246570667227,181.88141718329325,182.3771248602557,3,3,common SISO unconstrained protocol
benzene_50,nake,physical,siso,True,3,0.1886166533370949,0.0018015854100416288,-10500.514392031231,1037.5156456204343,0,-11240.413615750995,-9033.263578852882,165.25539634490556,182.3771248602557,3,3,design change: new predicted thermal constraint
benzene_50,nake,physical,mimo,False,3,0.0020617163333567132,0.0018015854100416288,-16.59454138532264,17.562872594419815,1,-31.2825365793463,8.095315617812238,161.56413470219798,182.3771248602557,0,3,design change: second actuator and thermal objective; unconstrained
benzene_50,nake,physical,mimo,True,3,0.0020617626045261934,0.0018015854100416288,-16.59715262555459,17.56301484374078,1,-31.284553373773385,8.093000701481667,161.5642482839985,182.3771248602557,0,3,design change: second actuator and thermal objective; new predicted thermal constraint
benzene_50,nake,neural,siso,False,3,0.003730077839084335,0.0018015854100416288,-108.08979829333474,8.320725044066899,0,-117.8068315400497,-97.48357373114457,181.81856832622452,182.3771248602557,3,3,common SISO unconstrained protocol
benzene_50,nake,neural,siso,True,3,0.19200349406509432,0.0018015854100416288,-10716.325824064514,1232.191157114541,0,-11978.24230165552,-9044.638189991287,165.46257100604217,182.3771248602557,3,3,design change: new predicted thermal constraint
benzene_50,nake,neural,mimo,False,3,0.0023382854126390005,0.0018015854100416288,-32.57265615770735,22.190086145867095,0,-49.225763435630924,-1.211228995455249,161.564045385253,182.3771248602557,0,3,design change: second actuator and thermal objective; unconstrained
benzene_50,nake,neural,mimo,True,3,0.0023384254004610062,0.0018015854100416288,-32.581100413086276,22.195546270011032,0,-49.23870826524175,-1.2119734246216485,161.5643747791765,182.3771248602557,0,3,design change: second actuator and thermal objective; new predicted thermal constraint
benzene_50,lstm_nake,physical,siso,False,3,0.0031073418465209085,0.0018015854100416288,-72.48714062009215,2.7702609412352133,0,-75.46015105972161,-68.79101434267709,181.97533433771432,182.3771248602557,3,3,common SISO unconstrained protocol
benzene_50,lstm_nake,physical,siso,True,3,0.17734621567402953,0.0018015854100416288,-9892.627483958446,1191.4146911435703,0,-11308.100063693093,-8393.353777778033,165.54926126848386,182.3771248602557,3,3,design change: new predicted thermal constraint
benzene_50,lstm_nake,physical,mimo,False,3,0.002308245003170296,0.0018015854100416288,-30.895110712204712,22.0945034851927,1,-47.40451499491911,0.33414918459594434,161.5597661067937,182.3771248602557,0,3,design change: second actuator and thermal objective; unconstrained
benzene_50,lstm_nake,physical,mimo,True,3,0.0023082820188668972,0.0018015854100416288,-30.898347346813082,22.103224788050973,1,-47.41088891521568,0.3433709479436442,161.55967011818774,182.3771248602557,0,3,design change: second actuator and thermal objective; new predicted thermal constraint
benzene_50,lstm_nake,neural,siso,False,3,0.0035857843470469435,0.0018015854100416288,-99.59008595861523,5.478715061826997,0,-107.23109094421051,-94.65793594946355,181.91340576088288,182.3771248602557,3,3,common SISO unconstrained protocol
benzene_50,lstm_nake,neural,siso,True,3,0.18013993790805904,0.0018015854100416288,-10055.928367740167,1221.3401341651947,0,-11346.220369734529,-8416.364196567069,165.55895894139326,182.3771248602557,3,3,design change: new predicted thermal constraint
benzene_50,lstm_nake,neural,mimo,False,3,0.002605020748501247,0.0018015854100416288,-47.949530079435995,26.516990245017123,0,-66.74423466992549,-10.448877853423788,161.52519267814432,182.3771248602557,0,3,design change: second actuator and thermal objective; unconstrained
benzene_50,lstm_nake,neural,mimo,True,3,0.0026052533892417015,0.0018015854100416288,-47.96326488009415,26.5243217483174,0,-66.75836049974914,-10.452237175411682,161.52506772515153,182.3771248602557,0,3,design change: second actuator and thermal objective; new predicted thermal constraint
recycle_minus50,ukf,physical,siso,False,3,0.005391799691680317,0.23634939284314674,97.72125156893397,0.1957631620941843,3,97.4664532805005,97.94242276446772,165.63999464428628,201.03234648299812,3,3,common SISO unconstrained protocol
recycle_minus50,ukf,physical,siso,True,3,0.0053920277578971415,0.23634939284314674,97.72115429302919,0.19575071269920868,3,97.4663862703346,97.94233304432808,164.7379563172089,201.03234648299812,0,3,design change: new predicted thermal constraint
recycle_minus50,ukf,physical,mimo,False,3,0.001727573064459164,0.23634939284314674,99.26914917210814,0.009689131225335088,3,99.2574598701366,99.28118567745398,161.37403373468314,201.03234648299812,0,3,design change: second actuator and thermal objective; unconstrained
recycle_minus50,ukf,physical,mimo,True,3,0.001727819279541707,0.23634939284314674,99.26904555839256,0.009636714814009725,3,99.25738991905378,99.28098966470607,161.37429729013752,201.03234648299812,0,3,design change: second actuator and thermal objective; new predicted thermal constraint
recycle_minus50,ukf,neural,siso,False,3,0.39421883296238436,0.23634939284314674,-66.84126268337876,2.703140184436554,0,-70.13205979333375,-63.511096764369235,165.64808328889848,201.03234648299812,3,3,common SISO unconstrained protocol
recycle_minus50,ukf,neural,siso,True,3,0.3942187050454489,0.23634939284314674,-66.84120380755763,2.702956122634127,0,-70.13172359714497,-63.511213270471686,164.7215888128306,201.03234648299812,0,3,design change: new predicted thermal constraint
recycle_minus50,ukf,neural,mimo,False,3,0.0017004506768050571,0.23634939284314674,99.28146074351599,0.060775771011400914,3,99.19949535475244,99.34484428155768,161.34919161616108,201.03234648299812,0,3,design change: second actuator and thermal objective; unconstrained
recycle_minus50,ukf,neural,mimo,True,3,0.0017006839895996352,0.23634939284314674,99.28136319585218,0.06086593291315957,3,99.19928001236026,99.34484929527726,161.34918354634019,201.03234648299812,0,3,design change: second actuator and thermal objective; new predicted thermal constraint
recycle_minus50,ukf_tuned,physical,siso,False,3,0.004921105911968604,0.23634939284314674,97.91166727719632,0.2252784349922535,3,97.60711893714038,98.14495559003727,165.65487057996484,201.03234648299812,3,3,common SISO unconstrained protocol
recycle_minus50,ukf_tuned,physical,siso,True,3,0.004921110008047465,0.23634939284314674,97.91166540256268,0.22528065821095183,3,97.60713169105057,98.14499690141568,164.7061171823316,201.03234648299812,0,3,design change: new predicted thermal constraint
recycle_minus50,ukf_tuned,physical,mimo,False,3,0.0017571585816340961,0.23634939284314674,99.25578013029893,0.07292349920228718,3,99.16759848065891,99.34618242890171,162.03581143878836,201.03234648299812,0,3,design change: second actuator and thermal objective; unconstrained
recycle_minus50,ukf_tuned,physical,mimo,True,3,0.0017570914037543974,0.23634939284314674,99.2558083135069,0.07293219554154758,3,99.16762042893617,99.34622536537022,162.03583601852972,201.03234648299812,0,3,design change: second actuator and thermal objective; new predicted thermal constraint
recycle_minus50,ukf_tuned,neural,siso,False,3,0.3945449193687518,0.23634939284314674,-67.00148681381008,3.168192963154285,0,-71.27909497949298,-63.70824725709723,165.66312260572207,201.03234648299812,3,3,common SISO unconstrained protocol
recycle_minus50,ukf_tuned,neural,siso,True,3,0.3945455430503538,0.23634939284314674,-67.00174222619258,3.1679382682612878,0,-71.27893381525058,-63.70860176377926,164.70732307573434,201.03234648299812,0,3,design change: new predicted thermal constraint
recycle_minus50,ukf_tuned,neural,mimo,False,3,0.0017554583659000382,0.23634939284314674,99.25637959152989,0.037649332256597175,3,99.22428626674072,99.30921921802135,162.0345490983326,201.03234648299812,0,3,design change: second actuator and thermal objective; unconstrained
recycle_minus50,ukf_tuned,neural,mimo,True,3,0.0017553402829565432,0.23634939284314674,99.25643009753814,0.0376270231894136,3,99.22435751959289,99.30923868068864,162.0345345070206,201.03234648299812,0,3,design change: second actuator and thermal objective; new predicted thermal constraint
recycle_minus50,lstm_ukf,physical,siso,False,3,0.004723511187190114,0.23634939284314674,97.99602636306643,0.20287056955459545,3,97.71164463685729,98.17108023479524,165.64888868080632,201.03234648299812,3,3,common SISO unconstrained protocol
recycle_minus50,lstm_ukf,physical,siso,True,3,0.0047235490504459856,0.23634939284314674,97.9960113484759,0.2028318762449933,3,97.71168482667065,98.17103760954882,164.75643162869684,201.03234648299812,0,3,design change: new predicted thermal constraint
recycle_minus50,lstm_ukf,physical,mimo,False,3,0.0018270479170318023,0.23634939284314674,99.22564509032695,0.08042100854576704,3,99.14621169663477,99.33585334622931,161.45150238337774,201.03234648299812,0,3,design change: second actuator and thermal objective; unconstrained
recycle_minus50,lstm_ukf,physical,mimo,True,3,0.001826896143867147,0.23634939284314674,99.22570831265699,0.08036196175744893,3,99.14642335025421,99.33586666724055,161.45159604044616,201.03234648299812,0,3,design change: second actuator and thermal objective; new predicted thermal constraint
recycle_minus50,lstm_ukf,neural,siso,False,3,0.39537957533926665,0.23634939284314674,-67.35840899475922,3.213767947925148,0,-71.7625567995845,-64.1841888998395,165.6570391532019,201.03234648299812,3,3,common SISO unconstrained protocol
recycle_minus50,lstm_ukf,neural,siso,True,3,0.3953794489432247,0.23634939284314674,-67.35835232358335,3.2136289510845435,0,-71.76230825944958,-64.18426549390452,164.74039730440563,201.03234648299812,0,3,design change: new predicted thermal constraint
recycle_minus50,lstm_ukf,neural,mimo,False,3,0.0018183791463721435,0.23634939284314674,99.22901898038394,0.06182545156564643,3,99.16128415333269,99.31076723136252,161.42404572469187,201.03234648299812,0,3,design change: second actuator and thermal objective; unconstrained
recycle_minus50,lstm_ukf,neural,mimo,True,3,0.0018183216689388612,0.23634939284314674,99.22904418782214,0.061756011641566216,3,99.1612886705314,99.31064615278159,161.42398575651424,201.03234648299812,0,3,design change: second actuator and thermal objective; new predicted thermal constraint
recycle_minus50,nake,physical,siso,False,3,0.02812980796304379,0.23634939284314674,88.08982853454222,0.760932800248433,3,87.18238252103461,89.04448505900845,165.6590477484361,201.03234648299812,3,3,common SISO unconstrained protocol
recycle_minus50,nake,physical,siso,True,3,0.028129690433976895,0.23634939284314674,88.08987886477314,0.7609321919390103,3,87.18241564664294,89.0445192298999,164.72420601266734,201.03234648299812,0,3,design change: new predicted thermal constraint
recycle_minus50,nake,physical,mimo,False,3,0.0030010306357804903,0.23634939284314674,98.73167445756586,0.11138695559405755,3,98.58726123665976,98.85837140693704,161.28147079883325,201.03234648299812,0,3,design change: second actuator and thermal objective; unconstrained
recycle_minus50,nake,physical,mimo,True,3,0.003001297966465444,0.23634939284314674,98.73156058848315,0.11127230423080584,3,98.587279898158,98.85810314254135,161.2819580040753,201.03234648299812,0,3,design change: second actuator and thermal objective; new predicted thermal constraint
recycle_minus50,nake,neural,siso,False,3,0.21491750648598906,0.23634939284314674,8.887327673963545,19.88142408460069,1,-9.273064299390699,36.55667797110377,165.66710678927922,201.03234648299812,3,3,common SISO unconstrained protocol
recycle_minus50,nake,neural,siso,True,3,0.21492305547531274,0.23634939284314674,8.884997931500623,19.878959046704097,1,-9.27332216241361,36.55087575476297,164.70784703531876,201.03234648299812,0,3,design change: new predicted thermal constraint
recycle_minus50,nake,neural,mimo,False,3,0.003359167575821715,0.23634939284314674,98.57993520538894,0.12086593016830116,3,98.43159805168715,98.72765598300168,161.2554100245175,201.03234648299812,0,3,design change: second actuator and thermal objective; unconstrained
recycle_minus50,nake,neural,mimo,True,3,0.003359316200811219,0.23634939284314674,98.57987441384608,0.12085796915911312,3,98.4314877296312,98.72752534252348,161.25544693733713,201.03234648299812,0,3,design change: second actuator and thermal objective; new predicted thermal constraint
recycle_minus50,lstm_nake,physical,siso,False,3,0.03288307626502102,0.23634939284314674,86.08079303471216,0.3787078886178256,3,85.70909051128282,86.60057156831287,165.67360829058998,201.03234648299812,3,3,common SISO unconstrained protocol
recycle_minus50,lstm_nake,physical,siso,True,3,0.032883105238235046,0.23634939284314674,86.08078068475261,0.37868815838085074,3,85.709116924799,86.60053863304347,164.74952036685312,201.03234648299812,0,3,design change: new predicted thermal constraint
recycle_minus50,lstm_nake,physical,mimo,False,3,0.0027241924024996723,0.23634939284314674,98.8460838573726,0.13762239679073995,3,98.7181489759534,99.03707249999289,161.42079529672895,201.03234648299812,0,3,design change: second actuator and thermal objective; unconstrained
recycle_minus50,lstm_nake,physical,mimo,True,3,0.0027243705017662386,0.23634939284314674,98.84600985500326,0.1377189526173156,3,98.71807844779072,99.03715626135754,161.42078655124038,201.03234648299812,0,3,design change: second actuator and thermal objective; new predicted thermal constraint
recycle_minus50,lstm_nake,neural,siso,False,3,0.027179804982349395,0.23634939284314674,88.47981199352489,1.1218418651348017,3,87.07751598482814,89.82358600384296,165.68164974584374,201.03234648299812,3,3,common SISO unconstrained protocol
recycle_minus50,lstm_nake,neural,siso,True,3,0.027179836251499046,0.23634939284314674,88.47980023733514,1.1217969335967715,3,87.07758135600876,89.82354425299374,164.73391239512253,201.03234648299812,0,3,design change: new predicted thermal constraint
recycle_minus50,lstm_nake,neural,mimo,False,3,0.003083140531186562,0.23634939284314674,98.69420252342051,0.14766568681663783,3,98.56047293324458,98.89997387029088,161.39188012063914,201.03234648299812,0,3,design change: second actuator and thermal objective; unconstrained
recycle_minus50,lstm_nake,neural,mimo,True,3,0.0030833297017124387,0.23634939284314674,98.6941236523527,0.14772340781496252,3,98.56041169685795,98.89999093375208,161.39190126440576,201.03234648299812,0,3,design change: second actuator and thermal objective; new predicted thermal constraint
thermal_loss,ukf,physical,siso,False,3,0.052842441278172336,0.006978699900673357,-662.6606104160978,67.44096157817773,0,-731.4054903665395,-571.0340783746029,188.91254020325061,183.31762842082907,3,3,common SISO unconstrained protocol
thermal_loss,ukf,physical,siso,True,3,0.01365701584886315,0.006978699900673357,-97.67595991279148,24.301927179365546,0,-118.47719312947231,-63.58236925209286,183.99725671332695,183.31762842082907,3,3,design change: new predicted thermal constraint
thermal_loss,ukf,physical,mimo,False,3,0.05284347066734411,0.006978699900673357,-662.655338859747,67.18488551500909,0,-731.0617675345216,-571.3457881885556,182.6841177154728,183.31762842082907,3,3,design change: second actuator and thermal objective; unconstrained
thermal_loss,ukf,physical,mimo,True,3,0.05284373567220443,0.006978699900673357,-662.6590501829434,67.18324529605671,0,-731.058783272389,-571.3497268229554,182.6841170609944,183.31762842082907,3,3,design change: second actuator and thermal objective; new predicted thermal constraint
thermal_loss,ukf,neural,siso,False,3,0.052703909144817575,0.006978699900673357,-660.6632291756554,67.28483618608995,0,-729.2128790140529,-569.2343763917622,188.88893489103873,183.31762842082907,3,3,common SISO unconstrained protocol
thermal_loss,ukf,neural,siso,True,3,0.01363053539434649,0.006978699900673357,-97.29632414775028,24.300580744102618,0,-118.07006449155435,-63.200465788936256,183.99048242045407,183.31762842082907,3,3,design change: new predicted thermal constraint
thermal_loss,ukf,neural,mimo,False,3,0.05289304844652385,0.006978699900673357,-663.3703232153194,67.24111597270623,0,-731.8327335670153,-571.9838445075445,182.685465741688,183.31762842082907,3,3,design change: second actuator and thermal objective; unconstrained
thermal_loss,ukf,neural,mimo,True,3,0.052893517921702465,0.006978699900673357,-663.3769106359058,67.23943218623252,0,-731.8379694488145,-571.9928648831055,182.68517887869157,183.31762842082907,3,3,design change: second actuator and thermal objective; new predicted thermal constraint
thermal_loss,ukf_tuned,physical,siso,False,3,0.003069570666932926,0.006978699900673357,56.19765697991003,2.253896566454519,3,53.14047970330342,58.507478568723826,183.7487920009813,183.31762842082907,3,3,common SISO unconstrained protocol
thermal_loss,ukf_tuned,physical,siso,True,3,0.1937098492944166,0.006978699900673357,-2692.378690025638,204.7831857108814,0,-2894.0041130054965,-2411.5253683084857,169.2255581057838,183.31762842082907,3,3,design change: new predicted thermal constraint
thermal_loss,ukf_tuned,physical,mimo,False,3,0.00630283359075617,0.006978699900673357,9.796465884168086,2.0287670445618446,3,7.532735010699076,12.454924089465225,169.37882522591687,183.31762842082907,3,3,design change: second actuator and thermal objective; unconstrained
thermal_loss,ukf_tuned,physical,mimo,True,3,0.028380005912734138,0.006978699900673357,-295.81299666009846,134.72661033251777,0,-476.42282217732026,-152.95375494074315,169.30109331187091,183.31762842082907,3,3,design change: second actuator and thermal objective; new predicted thermal constraint
thermal_loss,ukf_tuned,neural,siso,False,3,0.0037597035953642367,0.006978699900673357,46.481112664730084,4.375741341397487,3,40.307201009602245,49.932457825604004,183.63415278860128,183.31762842082907,3,3,common SISO unconstrained protocol
thermal_loss,ukf_tuned,neural,siso,True,3,0.19390484075662318,0.006978699900673357,-2695.1960185327457,205.0491072797614,0,-2896.826260278251,-2413.89090124862,169.19467887187196,183.31762842082907,3,3,design change: new predicted thermal constraint
thermal_loss,ukf_tuned,neural,mimo,False,3,0.0062462199805236665,0.006978699900673357,10.61474266537939,2.1140415876163323,3,8.222099908916448,13.363546968224249,169.36897265813013,183.31762842082907,3,3,design change: second actuator and thermal objective; unconstrained
thermal_loss,ukf_tuned,neural,mimo,True,3,0.02767159632772549,0.006978699900673357,-284.41691310643927,152.4051275612326,0,-483.0285021693478,-112.61241598064093,169.32276112598063,183.31762842082907,3,3,design change: second actuator and thermal objective; new predicted thermal constraint
thermal_loss,lstm_ukf,physical,siso,False,3,0.011595018507847138,0.006978699900673357,-67.76359684422887,19.904824460972396,0,-87.81985749342832,-40.62953591613032,184.9369641980174,183.31762842082907,3,3,common SISO unconstrained protocol
thermal_loss,lstm_ukf,physical,siso,True,3,0.1453709318088605,0.006978699900673357,-1997.432466213085,176.37482103470526,0,-2165.778616840948,-1753.8642955570378,173.44512001521895,183.31762842082907,3,3,design change: new predicted thermal constraint
thermal_loss,lstm_ukf,physical,mimo,False,3,0.0052205371039065135,0.006978699900673357,24.23253381651523,11.878174057539493,3,11.955288697053224,40.300328930859784,172.2817081262233,183.31762842082907,3,3,design change: second actuator and thermal objective; unconstrained
thermal_loss,lstm_ukf,physical,mimo,True,3,0.0052206342149157215,0.006978699900673357,24.23091852493904,11.880794042797165,3,11.952060453622082,40.302725623246346,172.2816564638167,183.31762842082907,3,3,design change: second actuator and thermal objective; new predicted thermal constraint
thermal_loss,lstm_ukf,neural,siso,False,3,0.010703502213915847,0.006978699900673357,-54.909390651503735,18.919721138556525,0,-73.9077331982271,-29.093632501618693,184.83522004817527,183.31762842082907,3,3,common SISO unconstrained protocol
thermal_loss,lstm_ukf,neural,siso,True,3,0.14555070860321895,0.006978699900673357,-2000.0219703415369,176.54571048880393,0,-2168.6575443299566,-1756.254773730383,173.43610302946652,183.31762842082907,3,3,design change: new predicted thermal constraint
thermal_loss,lstm_ukf,neural,mimo,False,3,0.0052930471615305905,0.006978699900673357,23.186584481869176,11.962876334852275,3,10.829095421690994,39.3720749066103,172.27454067374856,183.31762842082907,3,3,design change: second actuator and thermal objective; unconstrained
thermal_loss,lstm_ukf,neural,mimo,True,3,0.005293053044656225,0.006978699900673357,23.186519724705096,11.96258987367934,3,10.829663694387948,39.37176624093055,172.2744416151882,183.31762842082907,3,3,design change: second actuator and thermal objective; new predicted thermal constraint
thermal_loss,nake,physical,siso,False,3,0.006135453781419986,0.006978699900673357,12.053966188149689,0.3611711091598045,3,11.677288548296383,12.541056278974882,183.62454809071255,183.31762842082907,3,3,common SISO unconstrained protocol
thermal_loss,nake,physical,siso,True,3,0.16779642026916305,0.006978699900673357,-2319.442685140164,186.03620506233358,0,-2512.8465646550453,-2068.2725967810234,173.57243290965394,183.31762842082907,3,3,design change: new predicted thermal constraint
thermal_loss,nake,physical,mimo,False,3,0.0046582367319250055,0.006978699900673357,33.223565640554824,0.5276945456353563,3,32.51628779102742,33.78338611860562,172.31955036836595,183.31762842082907,3,3,design change: second actuator and thermal objective; unconstrained
thermal_loss,nake,physical,mimo,True,3,0.004646983343019221,0.006978699900673357,33.366180856100414,0.6515130155159444,3,32.64990570073635,34.22623101624692,172.31953113902523,183.31762842082907,3,3,design change: second actuator and thermal objective; new predicted thermal constraint
thermal_loss,nake,neural,siso,False,3,0.006878323829752816,0.006978699900673357,1.4144607706388737,1.3286400606821605,2,-0.2615180593045219,2.9881456643654825,183.49899242731811,183.31762842082907,3,3,common SISO unconstrained protocol
thermal_loss,nake,neural,siso,True,3,0.16827119923324677,0.006978699900673357,-2325.802461320815,180.85049260185423,0,-2515.8487913703034,-2082.549254342556,173.56743275656788,183.31762842082907,3,3,design change: new predicted thermal constraint
thermal_loss,nake,neural,mimo,False,3,0.004635316135369977,0.006978699900673357,33.54254155822566,0.6041020683306685,3,32.78463551310642,34.26295143533776,172.32157890989043,183.31762842082907,3,3,design change: second actuator and thermal objective; unconstrained
thermal_loss,nake,neural,mimo,True,3,0.004624110716966018,0.006978699900673357,33.68430008542851,0.751870385197083,3,32.92095347953907,34.70701947381672,172.32158156092902,183.31762842082907,3,3,design change: second actuator and thermal objective; new predicted thermal constraint
thermal_loss,lstm_nake,physical,siso,False,3,0.004147947733028081,0.006978699900673357,39.65899694435731,11.155121818023943,3,28.275605001202386,54.80949331893606,184.30137245627412,183.31762842082907,3,3,common SISO unconstrained protocol
thermal_loss,lstm_nake,physical,siso,True,3,0.16466501222736873,0.006978699900673357,-2273.7301126366765,174.13023863903197,0,-2436.99917835328,-2032.4415189225672,172.27696847567455,183.31762842082907,3,3,design change: new predicted thermal constraint
thermal_loss,lstm_nake,physical,mimo,False,3,0.0028202439041467527,0.006978699900673357,59.24711841872784,4.1796320181174025,3,55.61763872737864,65.10217305261772,171.45606346669072,183.31762842082907,3,3,design change: second actuator and thermal objective; unconstrained
thermal_loss,lstm_nake,physical,mimo,True,3,0.002824812282104187,0.006978699900673357,59.16923584837351,4.337502526000549,3,55.54277723019937,65.26702938998115,171.45604134656506,183.31762842082907,3,3,design change: second actuator and thermal objective; new predicted thermal constraint
thermal_loss,lstm_nake,neural,siso,False,3,0.003378103414091352,0.006978699900673357,50.92505301318749,8.208496750820741,3,43.21897027145026,62.29682731889803,184.1758370238718,183.31762842082907,3,3,common SISO unconstrained protocol
thermal_loss,lstm_nake,neural,siso,True,3,0.16412848610129013,0.006978699900673357,-2265.1045884917717,162.69666883912973,0,-2403.7575176137484,-2036.759782185417,172.28499132911273,183.31762842082907,3,3,design change: new predicted thermal constraint
thermal_loss,lstm_nake,neural,mimo,False,3,0.002834519892533136,0.006978699900673357,59.01593413728369,4.506973056166667,3,55.12945863422695,65.33417935356265,171.4576399609464,183.31762842082907,3,3,design change: second actuator and thermal objective; unconstrained
thermal_loss,lstm_nake,neural,mimo,True,3,0.0028397079385765593,0.006978699900673357,58.92860633481246,4.671724213643645,3,55.02874509023148,65.49706728581987,171.45761457871802,183.31762842082907,3,3,design change: second actuator and thermal objective; new predicted thermal constraint
kinetics_noise,ukf,physical,siso,False,3,0.10058366451986415,0.09981673610376873,-0.7714187367407662,0.3212953023663384,0,-1.2153579421253946,-0.46557724706679515,165.58356164830434,165.63752440888717,3,3,common SISO unconstrained protocol
kinetics_noise,ukf,physical,siso,True,3,0.10058375459081052,0.09981673610376873,-0.7715089190254432,0.3213710159432664,0,-1.2155349635573964,-0.4655337108327551,164.61852151343248,165.63752440888717,0,3,design change: new predicted thermal constraint
kinetics_noise,ukf,physical,mimo,False,3,0.10065800780735708,0.09981673610376873,-0.8459977835191553,0.34827513081747613,0,-1.323345484979832,-0.5022157549359418,162.76496453798674,165.63752440888717,0,3,design change: second actuator and thermal objective; unconstrained
kinetics_noise,ukf,physical,mimo,True,3,0.10065811157548173,0.09981673610376873,-0.8461034224929312,0.34852024695686123,0,-1.3237727151463652,-0.5020377020945155,162.76514943852462,165.63752440888717,0,3,design change: second actuator and thermal objective; new predicted thermal constraint
kinetics_noise,ukf,neural,siso,False,3,0.10058832508625508,0.09981673610376873,-0.7761129894125288,0.32364940728753677,0,-1.2233628125877027,-0.46823189105689167,165.58959134846768,165.63752440888717,3,3,common SISO unconstrained protocol
kinetics_noise,ukf,neural,siso,True,3,0.10058847413179918,0.09981673610376873,-0.7762629920667008,0.32382055467301163,0,-1.2237275103149203,-0.4681431975788186,164.61072306761108,165.63752440888717,0,3,design change: new predicted thermal constraint
kinetics_noise,ukf,neural,mimo,False,3,0.10065845306948523,0.09981673610376873,-0.8464521412830495,0.3486668281110641,0,-1.3244573155188455,-0.5026348338707187,162.76492114510836,165.63752440888717,0,3,design change: second actuator and thermal objective; unconstrained
kinetics_noise,ukf,neural,mimo,True,3,0.10065852301331897,0.09981673610376873,-0.8465163610904399,0.3486038181885748,0,-1.3242997323542838,-0.5023667983599545,162.76487082896386,165.63752440888717,0,3,design change: second actuator and thermal objective; new predicted thermal constraint
kinetics_noise,ukf_tuned,physical,siso,False,3,0.09988520294553764,0.09981673610376873,-0.06908283009705585,0.030636699807542078,0,-0.10661604687323134,-0.03157177475872075,165.57676023691292,165.63752440888717,3,3,common SISO unconstrained protocol
kinetics_noise,ukf_tuned,physical,siso,True,3,0.09988437366665544,0.09981673610376873,-0.06825131164553226,0.030623657890434437,0,-0.10587433316742167,-0.030863099816902384,164.68323692155246,165.63752440888717,0,3,design change: new predicted thermal constraint
kinetics_noise,ukf_tuned,physical,mimo,False,3,0.10002614943509823,0.09981673610376873,-0.21041457952906129,0.0886860264134846,0,-0.32581284705262004,-0.11016845044515833,163.25106247638092,165.63752440888717,0,3,design change: second actuator and thermal objective; unconstrained
kinetics_noise,ukf_tuned,physical,mimo,True,3,0.10002607501210035,0.09981673610376873,-0.2103326152856244,0.08849694243037724,0,-0.3252558430254293,-0.10995186787732258,163.250553446183,165.63752440888717,0,3,design change: second actuator and thermal objective; new predicted thermal constraint
kinetics_noise,ukf_tuned,neural,siso,False,3,0.09989357336795357,0.09981673610376873,-0.07752371689632535,0.03502680309414932,0,-0.12277024834468353,-0.03743966807361332,165.58288859667772,165.63752440888717,3,3,common SISO unconstrained protocol
kinetics_noise,ukf_tuned,neural,siso,True,3,0.09989273235662181,0.09981673610376873,-0.07667915680995563,0.034967988863218405,0,-0.12197343745676825,-0.03684302369397763,164.68367599303429,165.63752440888717,0,3,design change: new predicted thermal constraint
kinetics_noise,ukf_tuned,neural,mimo,False,3,0.1000275196830644,0.09981673610376873,-0.21179294362266474,0.08915346346002712,0,-0.32788726623684816,-0.11115363206528617,163.2498943571192,165.63752440888717,0,3,design change: second actuator and thermal objective; unconstrained
kinetics_noise,ukf_tuned,neural,mimo,True,3,0.10002731988030122,0.09981673610376873,-0.21159059522949017,0.08934873452163165,0,-0.3278066885059161,-0.11052723124174157,163.25028626945908,165.63752440888717,0,3,design change: second actuator and thermal objective; new predicted thermal constraint
kinetics_noise,lstm_ukf,physical,siso,False,3,0.09990786899256865,0.09981673610376873,-0.09182405284472821,0.051581526837324365,0,-0.1636998589343186,-0.04509808970865059,165.57940975498218,165.63752440888717,3,3,common SISO unconstrained protocol
kinetics_noise,lstm_ukf,physical,siso,True,3,0.09990840267289826,0.09981673610376873,-0.09235703412420193,0.05141210828626309,0,-0.1639975507950142,-0.04578807372705995,164.65515403885715,165.63752440888717,0,3,design change: new predicted thermal constraint
kinetics_noise,lstm_ukf,physical,mimo,False,3,0.10002921586685916,0.09981673610376873,-0.2136496621502356,0.09000404070738931,0,-0.33585940204166054,-0.12172798474108237,163.01085057939713,165.63752440888717,0,3,design change: second actuator and thermal objective; unconstrained
kinetics_noise,lstm_ukf,physical,mimo,True,3,0.10002880993769457,0.09981673610376873,-0.21323961625419052,0.08968702548385356,0,-0.335001072658625,-0.12159763627452858,163.0108515010709,165.63752440888717,0,3,design change: second actuator and thermal objective; new predicted thermal constraint
kinetics_noise,lstm_ukf,neural,siso,False,3,0.09991510506604179,0.09981673610376873,-0.09911694032087581,0.05523695272344923,0,-0.17620437250813747,-0.04962666000190019,165.585488609223,165.63752440888717,3,3,common SISO unconstrained protocol
kinetics_noise,lstm_ukf,neural,siso,True,3,0.0999157430183066,0.09981673610376873,-0.09975358560215437,0.054996573568989945,0,-0.1765053848370668,-0.05047788588805613,164.64830627882537,165.63752440888717,0,3,design change: new predicted thermal constraint
kinetics_noise,lstm_ukf,neural,mimo,False,3,0.10003110034806027,0.09981673610376873,-0.21554948013344047,0.09117588138495382,0,-0.3393994500936248,-0.1225527921885794,163.01109878048993,165.63752440888717,0,3,design change: second actuator and thermal objective; unconstrained
kinetics_noise,lstm_ukf,neural,mimo,True,3,0.10003086189281751,0.09981673610376873,-0.2153099762847758,0.09098483341804406,0,-0.3389301717841686,-0.12258232176416417,163.01108243417664,165.63752440888717,0,3,design change: second actuator and thermal objective; new predicted thermal constraint
kinetics_noise,nake,physical,siso,False,3,0.10052911345241188,0.09981673610376873,-0.7160118719980938,0.274605149298438,0,-1.0873500709386752,-0.43189005018098303,165.57078390251164,165.63752440888717,3,3,common SISO unconstrained protocol
kinetics_noise,nake,physical,siso,True,3,0.10052932851252071,0.09981673610376873,-0.7162277367585531,0.27469745186367694,0,-1.0876797296968554,-0.43198474786059204,164.6133612330654,165.63752440888717,0,3,design change: new predicted thermal constraint
kinetics_noise,nake,physical,mimo,False,3,0.10059695845292342,0.09981673610376873,-0.7841877251306103,0.30162204880739363,0,-1.191385554540214,-0.47056046733533474,162.78088146467522,165.63752440888717,0,3,design change: second actuator and thermal objective; unconstrained
kinetics_noise,nake,physical,mimo,True,3,0.10059712747488099,0.09981673610376873,-0.7843496936014752,0.3012280465151439,0,-1.1908936792123903,-0.4708552219920614,162.78118531112676,165.63752440888717,0,3,design change: second actuator and thermal objective; new predicted thermal constraint
kinetics_noise,nake,neural,siso,False,3,0.10053386996082687,0.09981673610376873,-0.7208068870467063,0.2770636279590738,0,-1.0957336166072196,-0.4347593374163461,165.57682638996562,165.63752440888717,3,3,common SISO unconstrained protocol
kinetics_noise,nake,neural,siso,True,3,0.10053425530207262,0.09981673610376873,-0.7211945522534494,0.27720142471632825,0,-1.09632083027551,-0.4350355134791428,164.60189879790687,165.63752440888717,0,3,design change: new predicted thermal constraint
kinetics_noise,nake,neural,mimo,False,3,0.1005976573230231,0.09981673610376873,-0.784897088016745,0.3021960659956899,0,-1.1930014909901088,-0.4709731856229471,162.78223712385142,165.63752440888717,0,3,design change: second actuator and thermal objective; unconstrained
kinetics_noise,nake,neural,mimo,True,3,0.10059770447789239,0.09981673610376873,-0.7849418928139507,0.30215575853410825,0,-1.1929290004648818,-0.4709163272103023,162.78259738840666,165.63752440888717,0,3,design change: second actuator and thermal objective; new predicted thermal constraint
kinetics_noise,lstm_nake,physical,siso,False,3,0.0998090935606758,0.09981673610376873,0.0066162014834040645,0.14351284505414458,2,-0.18167723259669977,0.16636087622827755,165.56424077915406,165.63752440888717,3,3,common SISO unconstrained protocol
kinetics_noise,lstm_nake,physical,siso,True,3,0.09980964073573755,0.09981673610376873,0.0060707290723197955,0.1432447742606965,2,-0.18184346085994285,0.16556247858147133,164.66160050674995,165.63752440888717,0,3,design change: new predicted thermal constraint
kinetics_noise,lstm_nake,physical,mimo,False,3,0.09990533030141713,0.09981673610376873,-0.0899815751677302,0.17220783535400389,1,-0.3150630568176105,0.1031014079881043,162.98251142433344,165.63752440888717,0,3,design change: second actuator and thermal objective; unconstrained
kinetics_noise,lstm_nake,physical,mimo,True,3,0.09990519450092998,0.09981673610376873,-0.08985012158188033,0.17228212810033136,1,-0.31517771746998324,0.10307763709570539,162.9825162481356,165.63752440888717,0,3,design change: second actuator and thermal objective; new predicted thermal constraint
kinetics_noise,lstm_nake,neural,siso,False,3,0.09981626006806991,0.09981673610376873,-0.0006004926658920162,0.1467843113677847,2,-0.19366276669867677,0.16198872375445816,165.57032878797102,165.63752440888717,3,3,common SISO unconstrained protocol
kinetics_noise,lstm_nake,neural,siso,True,3,0.09981699282860486,0.09981673610376873,-0.0013326003707625489,0.14655590280897546,2,-0.19408300924654842,0.16102297145693667,164.6548946652136,165.63752440888717,0,3,design change: new predicted thermal constraint
kinetics_noise,lstm_nake,neural,mimo,False,3,0.09990739177042092,0.09981673610376873,-0.09205919990680582,0.17312396450716858,1,-0.3185524424576869,0.10170741229703628,162.98323285202972,165.63752440888717,0,3,design change: second actuator and thermal objective; unconstrained
kinetics_noise,lstm_nake,neural,mimo,True,3,0.09990694058571296,0.09981673610376873,-0.09160391462371316,0.17262794857927727,1,-0.3174581734615378,0.10159153525630682,162.98324959171583,165.63752440888717,0,3,design change: second actuator and thermal objective; new predicted thermal constraint
