name,signature,case,estimator,prediction,mode,constrained,seed,status,error,samples,duration_h,IAE,IAE_event,ISE,ITAE,temperature_IAE_K_h,Tmax_C,violation_h,xEB_estimate_RMSE,terminal_true_fraction,terminal_estimated_fraction,final_abs_offset,covariance_repairs,positivity_projections,solver_failed_statuses,fallbacks,move_rate_overrides,median_latency_ms,p95_latency_ms,wall_seconds
benzene_50__ukf_tuned__neural__mimo__0__9001,c25e9bce5eb2ec738311f3bd2b5a7bb74c56be85272cfc83d7ac8e65599cb86a,benzene_50,ukf_tuned,neural,mimo,False,9001,complete,,400,10.0,0.009729833044122891,0.001812894638310524,4.3289544497711376e-05,0.02075021477652884,3.000193716459175,161.71258514538079,0.0,0.00325060275808601,0.28075630444211536,0.2811656409966968,0.00035156300846000965,0,0,0,0,0,55.270476000259805,89.35360985069563,25.256219433998922
benzene_50__ukf_tuned__neural__mimo__0__9002,c25e9bce5eb2ec738311f3bd2b5a7bb74c56be85272cfc83d7ac8e65599cb86a,benzene_50,ukf_tuned,neural,mimo,False,9002,complete,,400,10.0,0.009663006391311428,0.0012332120858208325,4.27183565085435e-05,0.01792345576656271,2.9859224261480377,161.82778532483925,0.0,0.003230511000000483,0.2815669183332758,0.2810411492315005,0.00045905088270042915,0,0,0,0,0,53.91405400041549,78.81117075021392,23.654334999999264
benzene_50__ukf_tuned__neural__mimo__0__9003,c25e9bce5eb2ec738311f3bd2b5a7bb74c56be85272cfc83d7ac8e65599cb86a,benzene_50,ukf_tuned,neural,mimo,False,9003,complete,,400,10.0,0.009359162312876573,0.001499073189872323,4.3707207675687045e-05,0.018455061838796565,2.6531286116210846,161.97934574243797,0.0,0.003265483201646825,0.2812936432592119,0.28117875355714167,0.00018577580863654575,0,0,0,0,0,55.6350390006628,89.82660614929044,25.305995360999077
benzene_50__ukf_tuned__neural__mimo__1__9001,c25e9bce5eb2ec738311f3bd2b5a7bb74c56be85272cfc83d7ac8e65599cb86a,benzene_50,ukf_tuned,neural,mimo,True,9001,complete,,400,10.0,0.009729731835902242,0.0018127518171953665,4.328944322241994e-05,0.020749451778214606,3.000212435410478,161.71261250173657,0.0,0.0032506022618755286,0.28075639288296295,0.2811657265889865,0.0003514745676124198,0,0,0,0,0,55.077682500268565,90.92692985022948,25.384871635998934
benzene_50__ukf_tuned__neural__mimo__1__9002,c25e9bce5eb2ec738311f3bd2b5a7bb74c56be85272cfc83d7ac8e65599cb86a,benzene_50,ukf_tuned,neural,mimo,True,9002,complete,,400,10.0,0.009663059939926107,0.0012330994421899447,4.271854559108989e-05,0.017923151686634352,2.985872835404548,161.82771310711817,0.0,0.003230511627287677,0.28156670215409874,0.28104093604475583,0.00045883470352336975,0,0,0,0,0,55.33679549898807,87.19833990071488,25.077698469000097
benzene_50__ukf_tuned__neural__mimo__1__9003,c25e9bce5eb2ec738311f3bd2b5a7bb74c56be85272cfc83d7ac8e65599cb86a,benzene_50,ukf_tuned,neural,mimo,True,9003,complete,,400,10.0,0.009358796918521399,0.001498866350759942,4.370678213177721e-05,0.018453140006498264,2.653089976838434,161.9792643019136,0.0,0.003265483713688361,0.28129364886525804,0.281178759019254,0.00018578141468267306,0,0,0,0,0,55.150460500044574,88.97860114857394,25.189837029000046
benzene_50__ukf_tuned__neural__siso__0__9001,c25e9bce5eb2ec738311f3bd2b5a7bb74c56be85272cfc83d7ac8e65599cb86a,benzene_50,ukf_tuned,neural,siso,False,9001,complete,,400,10.0,0.009953063530455298,0.0020216560387122393,4.3650633665438674e-05,0.023266815644147926,97.18858235864647,182.17229400206028,5.079375000000006,0.0032274536635471984,0.28040054650218676,0.28096445985187846,0.0007073209483886012,0,0,0,0,0,30.533638999258983,47.98760769999717,14.943602868001108
benzene_50__ukf_tuned__neural__siso__0__9002,c25e9bce5eb2ec738311f3bd2b5a7bb74c56be85272cfc83d7ac8e65599cb86a,benzene_50,ukf_tuned,neural,siso,False,9002,complete,,400,10.0,0.009621224098141387,0.0012187393203163177,4.247333428437924e-05,0.018027715548627553,97.71318979238715,182.28522164399266,5.179375000000007,0.0032132516275234484,0.2814909880443003,0.2808835310638822,0.00038312059372491714,0,0,0,0,0,30.22985699954006,48.634380949260944,14.871955919001266
benzene_50__ukf_tuned__neural__siso__0__9003,c25e9bce5eb2ec738311f3bd2b5a7bb74c56be85272cfc83d7ac8e65599cb86a,benzene_50,ukf_tuned,neural,siso,False,9003,complete,,400,10.0,0.009216827766301512,0.0013439591180449786,4.3693985528367603e-05,0.017880154829787463,98.11932484457185,182.05135351737766,5.189375000000007,0.003251883100805041,0.28112098260352575,0.2810146915948777,1.311515295038257e-05,0,0,0,0,0,29.87847749955108,50.86232570020001,14.749845558999368
benzene_50__ukf_tuned__neural__siso__1__9001,c25e9bce5eb2ec738311f3bd2b5a7bb74c56be85272cfc83d7ac8e65599cb86a,benzene_50,ukf_tuned,neural,siso,True,9001,complete,,400,10.0,0.21156135234464465,0.20184945022367604,0.009223094250759008,1.5825525406759156,23.297403214856974,165.28202479509804,0.29875,0.0033111925969526645,0.24201423283943568,0.24235037787678584,0.03909363461113968,0,0,9,7,7,22.941594499570783,52.35685599918724,12.689763340000354
benzene_50__ukf_tuned__neural__siso__1__9002,c25e9bce5eb2ec738311f3bd2b5a7bb74c56be85272cfc83d7ac8e65599cb86a,benzene_50,ukf_tuned,neural,siso,True,9002,complete,,400,10.0,0.21405781635672005,0.20373235553673041,0.009316376639007447,1.5922742635915053,23.30430707078632,165.05210413610294,0.11625000000000005,0.003252222129755798,0.2235184710669247,0.22304540202931727,0.057589396383650654,0,0,9,8,8,23.263304000465723,48.484853650370475,11.439713896001194
benzene_50__ukf_tuned__neural__siso__1__9003,c25e9bce5eb2ec738311f3bd2b5a7bb74c56be85272cfc83d7ac8e65599cb86a,benzene_50,ukf_tuned,neural,siso,True,9003,complete,,400,10.0,0.20901067194220888,0.1988761275996266,0.009027145601664382,1.5659538469999548,24.56582345751321,165.3202643362865,0.4650000000000002,0.0032879264658254026,0.22345342091035086,0.22337515410448883,0.0576544465402245,0,0,7,7,7,25.449227500757843,47.08373925059276,11.473795498999607
benzene_50__ukf_tuned__physical__mimo__0__9001,c25e9bce5eb2ec738311f3bd2b5a7bb74c56be85272cfc83d7ac8e65599cb86a,benzene_50,ukf_tuned,physical,mimo,False,9001,complete,,400,10.0,0.009745488409379204,0.0018338950376717922,4.324041186107249e-05,0.0211407032601148,2.957638576192896,161.71323565371034,0.0,0.003250476807913112,0.28067723050733384,0.2810868134883103,0.0004306369432415247,0,0,0,0,0,13.166729499971552,20.520971750556765,6.754238950999934
benzene_50__ukf_tuned__physical__mimo__0__9002,c25e9bce5eb2ec738311f3bd2b5a7bb74c56be85272cfc83d7ac8e65599cb86a,benzene_50,ukf_tuned,physical,mimo,False,9002,complete,,400,10.0,0.009540121922058139,0.001116275757760235,4.258883191450243e-05,0.01703691638075051,2.997995764818782,161.87829948584417,0.0,0.003230429177283282,0.2814903449318412,0.2809645693882385,0.0003824774812658527,0,0,0,0,0,13.80350300041755,24.208399449798865,7.44111948599857
benzene_50__ukf_tuned__physical__mimo__0__9003,c25e9bce5eb2ec738311f3bd2b5a7bb74c56be85272cfc83d7ac8e65599cb86a,benzene_50,ukf_tuned,physical,mimo,False,9003,complete,,400,10.0,0.009281119559240977,0.0014274962155575708,4.3569559915837906e-05,0.017996832161364874,2.662125062901609,161.98628139468443,0.0,0.003265423688470306,0.28121838551854483,0.28110379012123726,0.00011051806796946728,0,0,0,0,0,13.431151999611757,20.631361150117296,6.817184542000177
benzene_50__ukf_tuned__physical__mimo__1__9001,c25e9bce5eb2ec738311f3bd2b5a7bb74c56be85272cfc83d7ac8e65599cb86a,benzene_50,ukf_tuned,physical,mimo,True,9001,complete,,400,10.0,0.009745321275281002,0.0018337709341795124,4.3240176454136966e-05,0.021139741225131438,2.9576640773120575,161.7133588315253,0.0,0.003250476758769166,0.2806772122418996,0.2810867947735913,0.00043065520867574536,0,0,0,0,0,13.797343500300485,21.402885000406968,7.19218595699931
benzene_50__ukf_tuned__physical__mimo__1__9002,c25e9bce5eb2ec738311f3bd2b5a7bb74c56be85272cfc83d7ac8e65599cb86a,benzene_50,ukf_tuned,physical,mimo,True,9002,complete,,400,10.0,0.009540448474712674,0.0011163835673451855,4.258982516670709e-05,0.017038081100339504,2.997965751696526,161.87827488182222,0.0,0.003230428942553049,0.2814900877242914,0.28096431691521145,0.0003822202737160385,0,0,0,0,0,13.451588500174694,19.69935049955893,6.755593357998805
benzene_50__ukf_tuned__physical__mimo__1__9003,c25e9bce5eb2ec738311f3bd2b5a7bb74c56be85272cfc83d7ac8e65599cb86a,benzene_50,ukf_tuned,physical,mimo,True,9003,complete,,400,10.0,0.009280726751943212,0.0014272786510411534,4.356933257358009e-05,0.017994597699813295,2.662143952063158,161.9862452079749,0.0,0.003265423798603606,0.2812183136065645,0.2811037223731836,0.0001104461559891523,0,0,0,0,0,13.092036499983806,15.092386299147618,6.450119449998965
benzene_50__ukf_tuned__physical__siso__0__9001,c25e9bce5eb2ec738311f3bd2b5a7bb74c56be85272cfc83d7ac8e65599cb86a,benzene_50,ukf_tuned,physical,siso,False,9001,complete,,400,10.0,0.00983364466107108,0.001923250591881109,4.329483116256992e-05,0.02207037036096853,97.40684583378714,182.22928455610975,5.076875000000006,0.0032275852258443045,0.28052607594329626,0.2810905692429565,0.0005817915072791058,0,0,0,0,0,7.301026998902671,13.738419049332146,4.931644640000741
benzene_50__ukf_tuned__physical__siso__0__9002,c25e9bce5eb2ec738311f3bd2b5a7bb74c56be85272cfc83d7ac8e65599cb86a,benzene_50,ukf_tuned,physical,siso,False,9002,complete,,400,10.0,0.009609792190765227,0.0012262573416771275,4.23188557167163e-05,0.01802628175181612,97.93182066379913,182.34236438375277,5.175625000000007,0.0032133841882881395,0.28162288207160846,0.2810147744997306,0.0005150146210330941,0,0,0,0,0,7.066344000122626,13.330653800039725,4.718846780000604
benzene_50__ukf_tuned__physical__siso__0__9003,c25e9bce5eb2ec738311f3bd2b5a7bb74c56be85272cfc83d7ac8e65599cb86a,benzene_50,ukf_tuned,physical,siso,False,9003,complete,,400,10.0,0.009255742877708004,0.001407352382870192,4.35674737174747e-05,0.01803446721527837,98.33408440137211,182.10870667246093,5.185625000000007,0.003252019654463428,0.28125263005226064,0.2811461151365268,0.00014476260168527766,0,0,0,0,0,7.3147619996234425,13.064857650624614,4.830354437999631
benzene_50__ukf_tuned__physical__siso__1__9001,c25e9bce5eb2ec738311f3bd2b5a7bb74c56be85272cfc83d7ac8e65599cb86a,benzene_50,ukf_tuned,physical,siso,True,9001,complete,,400,10.0,0.21323436347877964,0.2035296480746095,0.009395146489968798,1.5938211750451339,24.059310816303082,165.24609452334926,0.265,0.0033109306016582225,0.22879510259925254,0.22917335748820772,0.05231276485132283,0,0,9,8,8,5.349250000108441,11.37818605120628,3.711095855000167
benzene_50__ukf_tuned__physical__siso__1__9002,c25e9bce5eb2ec738311f3bd2b5a7bb74c56be85272cfc83d7ac8e65599cb86a,benzene_50,ukf_tuned,physical,siso,True,9002,complete,,400,10.0,0.21301320293415016,0.2026813229092123,0.00923581971810124,1.5808047630377269,23.633876805201393,165.06013729453898,0.191875,0.003252268660412204,0.2452588446825567,0.2448092063325482,0.03584902276801866,0,0,9,7,7,5.394568500378227,9.911459000886676,3.6920410200000333
benzene_50__ukf_tuned__physical__siso__1__9003,c25e9bce5eb2ec738311f3bd2b5a7bb74c56be85272cfc83d7ac8e65599cb86a,benzene_50,ukf_tuned,physical,siso,True,9003,complete,,400,10.0,0.21040055741133987,0.20026433097536522,0.009137389738358004,1.5744782977627003,24.47429171899271,165.32448228902524,0.5100000000000002,0.003287238376353284,0.23417187338087495,0.23406862185312047,0.04693599406970042,0,0,8,7,7,4.79778550015908,7.816019049732844,3.257900017000793
kinetics_noise__ukf_tuned__neural__mimo__0__9001,c25e9bce5eb2ec738311f3bd2b5a7bb74c56be85272cfc83d7ac8e65599cb86a,kinetics_noise,ukf_tuned,neural,mimo,False,9001,complete,,400,10.0,0.10573898586838115,0.09841701978318923,0.002046113864603429,0.7608278096644255,3.2272131873893,162.4692068961235,0.0,0.01450545232980562,0.30110860617417373,0.28113729044215535,0.020000738723598366,0,0,0,0,0,54.138655500537425,66.34886894953524,23.071540449000167
kinetics_noise__ukf_tuned__neural__mimo__0__9002,c25e9bce5eb2ec738311f3bd2b5a7bb74c56be85272cfc83d7ac8e65599cb86a,kinetics_noise,ukf_tuned,neural,mimo,False,9002,complete,,400,10.0,0.10745597575065072,0.09945669758362854,0.0021124481195655682,0.773097742009357,3.705576457168436,163.2498943571192,0.0,0.014755798472976719,0.3018478178085507,0.2811805773083896,0.020739950357975323,0,0,0,0,0,53.3358530001351,62.389283399625086,22.661496737999187
kinetics_noise__ukf_tuned__neural__mimo__0__9003,c25e9bce5eb2ec738311f3bd2b5a7bb74c56be85272cfc83d7ac8e65599cb86a,kinetics_noise,ukf_tuned,neural,mimo,False,9003,complete,,400,10.0,0.10922640756824786,0.10220884168237548,0.002221211406366734,0.7880332314578542,3.784454450577612,162.460649726136,0.0,0.015122918246740618,0.3035567728942527,0.28137818238219836,0.022448905443677336,0,0,0,0,0,55.129088000285265,77.40810330142267,23.84724323499904
kinetics_noise__ukf_tuned__neural__mimo__1__9001,c25e9bce5eb2ec738311f3bd2b5a7bb74c56be85272cfc83d7ac8e65599cb86a,kinetics_noise,ukf_tuned,neural,mimo,True,9001,complete,,400,10.0,0.10573888689044181,0.09841694074015987,0.0020461122330429206,0.760827811260614,3.2272723550045197,162.46921660515355,0.0,0.01450545083990158,0.30110863900025475,0.28113731307176376,0.020000771549679386,0,0,0,0,0,54.20584850071464,84.44181105005553,23.77117413400083
kinetics_noise__ukf_tuned__neural__mimo__1__9002,c25e9bce5eb2ec738311f3bd2b5a7bb74c56be85272cfc83d7ac8e65599cb86a,kinetics_noise,ukf_tuned,neural,mimo,True,9002,complete,,400,10.0,0.10745527015970356,0.09945607527777138,0.0021124229304859913,0.7730938922766069,3.7057173797300846,163.25028626945908,0.0,0.014755776521418986,0.3018478619290524,0.2811806224761634,0.02073999447847702,0,0,0,0,0,58.043408999765234,89.93094369861865,26.71384780399967
kinetics_noise__ukf_tuned__neural__mimo__1__9003,c25e9bce5eb2ec738311f3bd2b5a7bb74c56be85272cfc83d7ac8e65599cb86a,kinetics_noise,ukf_tuned,neural,mimo,True,9003,complete,,400,10.0,0.10922643747748893,0.10220894362297242,0.0022212157212436892,0.7880337990237757,3.7845741080826665,162.46070753766196,0.0,0.015122918785713993,0.3035569105229403,0.2813783071269796,0.02244904307236495,0,0,0,0,0,56.77458950049186,88.7304038991715,26.355814089998603
kinetics_noise__ukf_tuned__neural__siso__0__9001,c25e9bce5eb2ec738311f3bd2b5a7bb74c56be85272cfc83d7ac8e65599cb86a,kinetics_noise,ukf_tuned,neural,siso,False,9001,complete,,400,10.0,0.10548080734875342,0.09821580947010658,0.0020378013084084495,0.7590198391012432,6.428000629147322,165.41399031725172,0.21125,0.014470593150974456,0.30097694540922915,0.28112005452150896,0.01986907795865378,0,0,0,0,0,30.808953999439836,42.933867799456486,13.827893437000967
kinetics_noise__ukf_tuned__neural__siso__0__9002,c25e9bce5eb2ec738311f3bd2b5a7bb74c56be85272cfc83d7ac8e65599cb86a,kinetics_noise,ukf_tuned,neural,siso,False,9002,complete,,400,10.0,0.10746147553089547,0.09941815878314501,0.002110812320432689,0.7726489112917785,7.005327327343068,165.41497383214517,0.2225,0.014741681803344226,0.3018134138527461,0.2811844144345436,0.02070554640217076,0,0,0,0,0,30.195680998986063,37.735918200360146,13.434230216000287
kinetics_noise__ukf_tuned__neural__siso__0__9003,c25e9bce5eb2ec738311f3bd2b5a7bb74c56be85272cfc83d7ac8e65599cb86a,kinetics_noise,ukf_tuned,neural,siso,False,9003,complete,,400,10.0,0.10907681880508485,0.10204675185060914,0.002214348141941641,0.7869957357517415,6.702249773332888,165.58288859667772,0.21375000000000002,0.015095872201307793,0.3035877388494747,0.28137117461876276,0.022479871398899343,0,0,0,0,0,30.27961950010649,33.376148298702894,13.115962472998945
kinetics_noise__ukf_tuned__neural__siso__1__9001,c25e9bce5eb2ec738311f3bd2b5a7bb74c56be85272cfc83d7ac8e65599cb86a,kinetics_noise,ukf_tuned,neural,siso,True,9001,complete,,400,10.0,0.10824590663770567,0.09821502783545785,0.002121640225048782,0.7607765957591779,7.345826292221259,163.88129648044597,0.0,0.014490467523824416,0.30097699781704357,0.2811200880405667,0.019869130366468202,0,0,1,1,1,30.073600000832812,35.5681989001823,13.232140885000263
kinetics_noise__ukf_tuned__neural__siso__1__9002,c25e9bce5eb2ec738311f3bd2b5a7bb74c56be85272cfc83d7ac8e65599cb86a,kinetics_noise,ukf_tuned,neural,siso,True,9002,complete,,400,10.0,0.10683092076897273,0.09941702601213952,0.0021016525647795355,0.7724955403454961,6.666284166254217,164.68367599303429,0.0,0.01474578534640252,0.3018131071072725,0.2811841564857083,0.020705239656697128,0,0,0,0,0,29.729541500273626,32.83599745018363,12.899053407998508
kinetics_noise__ukf_tuned__neural__siso__1__9003,c25e9bce5eb2ec738311f3bd2b5a7bb74c56be85272cfc83d7ac8e65599cb86a,kinetics_noise,ukf_tuned,neural,siso,True,9003,complete,,400,10.0,0.10822785872872259,0.10204614322226807,0.0022021821626706296,0.7867747697848138,6.249381238870979,164.36724351756973,0.0,0.015099577305638144,0.30358761623819425,0.28137106248951416,0.02247974878761888,0,0,0,0,0,29.850224000256276,32.25979260014355,12.787792676999743
kinetics_noise__ukf_tuned__physical__mimo__0__9001,c25e9bce5eb2ec738311f3bd2b5a7bb74c56be85272cfc83d7ac8e65599cb86a,kinetics_noise,ukf_tuned,physical,mimo,False,9001,complete,,400,10.0,0.10572881304806832,0.09841498487385889,0.0020459864721938956,0.7608013766495404,3.222789824835074,162.470084269294,0.0,0.014505415401631212,0.3011067244411162,0.28113558988623943,0.019998856990540825,0,0,0,0,0,13.160162499843864,15.108286299528116,6.517953190999833
kinetics_noise__ukf_tuned__physical__mimo__0__9002,c25e9bce5eb2ec738311f3bd2b5a7bb74c56be85272cfc83d7ac8e65599cb86a,kinetics_noise,ukf_tuned,physical,mimo,False,9002,complete,,400,10.0,0.10744965210985948,0.09945571884243036,0.002112344693749838,0.7730870052033245,3.7029768369340665,163.25106247638092,0.0,0.014755720348123932,0.30184832372824366,0.28118104351561907,0.020740456277668295,0,0,0,0,0,13.238715499937825,14.962168399961227,6.4984576259994355
kinetics_noise__ukf_tuned__physical__mimo__0__9003,c25e9bce5eb2ec738311f3bd2b5a7bb74c56be85272cfc83d7ac8e65599cb86a,kinetics_noise,ukf_tuned,physical,mimo,False,9003,complete,,400,10.0,0.10922032917043849,0.10220774458900544,0.002221122116218378,0.7880251315232513,3.7818505891089886,162.46052385917955,0.0,0.015122865203497102,0.3035561027134421,0.28137764469809284,0.02244823526286671,0,0,0,0,0,13.335132999600319,15.07844775005651,6.539101639000364
kinetics_noise__ukf_tuned__physical__mimo__1__9001,c25e9bce5eb2ec738311f3bd2b5a7bb74c56be85272cfc83d7ac8e65599cb86a,kinetics_noise,ukf_tuned,physical,mimo,True,9001,complete,,400,10.0,0.10572817672335143,0.09841443847865554,0.002045964924138841,0.7607979525743048,3.2227991519099874,162.47006908927463,0.0,0.014505393459770121,0.3011067026720828,0.28113557877693846,0.019998835221507416,0,0,0,0,0,13.530820498999674,15.337521999481392,6.683335944999271
kinetics_noise__ukf_tuned__physical__mimo__1__9002,c25e9bce5eb2ec738311f3bd2b5a7bb74c56be85272cfc83d7ac8e65599cb86a,kinetics_noise,ukf_tuned,physical,mimo,True,9002,complete,,400,10.0,0.10744958680673206,0.09945550367572646,0.0021123376427412068,0.7730861479426578,3.702861466785195,163.250553446183,0.0,0.014755709518799771,0.30184838068820097,0.2811811034337172,0.020740513237625602,0,0,0,0,0,13.550996000049054,17.160436749418277,6.80351396199876
kinetics_noise__ukf_tuned__physical__mimo__1__9003,c25e9bce5eb2ec738311f3bd2b5a7bb74c56be85272cfc83d7ac8e65599cb86a,kinetics_noise,ukf_tuned,physical,mimo,True,9003,complete,,400,10.0,0.10922076815037833,0.10220828288191904,0.0022211450078563925,0.7880286497917548,3.7816152977147706,162.46053998854214,0.0,0.015122880872430983,0.3035561805667074,0.2813777136984479,0.022448313116132046,0,0,0,0,0,13.519202000679797,17.96228944976971,6.779019466999671
kinetics_noise__ukf_tuned__physical__siso__0__9001,c25e9bce5eb2ec738311f3bd2b5a7bb74c56be85272cfc83d7ac8e65599cb86a,kinetics_noise,ukf_tuned,physical,siso,False,9001,complete,,400,10.0,0.1054443042865177,0.09819996294518595,0.002037020084529644,0.7588772171963629,6.408553755035478,165.407320865124,0.20875,0.014470392642156445,0.3009688782318114,0.2811127639892441,0.019861010781236033,0,0,0,0,0,7.1895159999257885,9.550145599860091,4.144423237999945
kinetics_noise__ukf_tuned__physical__siso__0__9002,c25e9bce5eb2ec738311f3bd2b5a7bb74c56be85272cfc83d7ac8e65599cb86a,kinetics_noise,ukf_tuned,physical,siso,False,9002,complete,,400,10.0,0.10743698013847339,0.09941487979430147,0.002110409297107974,0.7726034812503113,6.987032415043282,165.4069223783278,0.22,0.01474159117569677,0.30181268723635973,0.28118383836977884,0.020704819785784367,0,0,0,0,0,7.268047500474495,12.462982850411207,4.333905731999039
kinetics_noise__ukf_tuned__physical__siso__0__9003,c25e9bce5eb2ec738311f3bd2b5a7bb74c56be85272cfc83d7ac8e65599cb86a,kinetics_noise,ukf_tuned,physical,siso,False,9003,complete,,400,10.0,0.1090564808686176,0.10204076609712548,0.002213901702718036,0.786967301107566,6.685438673775903,165.57676023691292,0.21125000000000002,0.015095761509116377,0.3035881771410067,0.281371635404334,0.022480309690431355,0,0,0,0,0,7.260155999574636,13.632435800172958,4.455857503000516
kinetics_noise__ukf_tuned__physical__siso__1__9001,c25e9bce5eb2ec738311f3bd2b5a7bb74c56be85272cfc83d7ac8e65599cb86a,kinetics_noise,ukf_tuned,physical,siso,True,9001,complete,,400,10.0,0.10822028881599288,0.09819923535832603,0.0021207536933789436,0.7606415329794791,7.331653299869796,163.89388360558263,0.0,0.014490226563717387,0.3009687040773103,0.28111260682349637,0.019860836626734935,0,0,1,1,1,7.3053944997809594,9.110990350018254,4.181308541999897
kinetics_noise__ukf_tuned__physical__siso__1__9002,c25e9bce5eb2ec738311f3bd2b5a7bb74c56be85272cfc83d7ac8e65599cb86a,kinetics_noise,ukf_tuned,physical,siso,True,9002,complete,,400,10.0,0.10681783266652221,0.09941384245361932,0.002101406804969526,0.7724531534997897,6.654021637413928,164.68323692155246,0.0,0.014745648447902415,0.3018128114165272,0.28118393765992067,0.02070494396595185,0,0,0,0,0,7.20816800094326,8.242043050722714,4.055443836999984
kinetics_noise__ukf_tuned__physical__siso__1__9003,c25e9bce5eb2ec738311f3bd2b5a7bb74c56be85272cfc83d7ac8e65599cb86a,kinetics_noise,ukf_tuned,physical,siso,True,9003,complete,,400,10.0,0.10821840570265599,0.10204004318802094,0.002201874926846866,0.7867483225341513,6.2383061772739525,164.3670162892242,0.0,0.015099461974699066,0.3035879940591361,0.28137146041668143,0.022480126608560747,0,0,0,0,0,7.367643000179669,8.825435149083203,4.23275890900004
recycle_minus50__ukf_tuned__neural__mimo__0__9001,c25e9bce5eb2ec738311f3bd2b5a7bb74c56be85272cfc83d7ac8e65599cb86a,recycle_minus50,ukf_tuned,neural,mimo,False,9001,complete,,400,10.0,0.00912232860574657,0.0018175845484091483,4.401103592683127e-05,0.01752109962949541,2.6778136067053677,162.0345490983326,0.0,0.003243122264375716,0.28118430659225335,0.2814043807694225,7.643914167798638e-05,0,0,0,0,0,58.39367200132983,91.1209309494552,27.126322875999904
recycle_minus50__ukf_tuned__neural__mimo__0__9002,c25e9bce5eb2ec738311f3bd2b5a7bb74c56be85272cfc83d7ac8e65599cb86a,recycle_minus50,ukf_tuned,neural,mimo,False,9002,complete,,400,10.0,0.009174120629504259,0.0017666155464506198,4.190215589716207e-05,0.018935012496580614,3.39988374946938,161.7952236280292,0.0,0.003156573752615224,0.28047676116032483,0.28106672447756564,0.0006311062902505382,0,0,0,0,0,57.12049149951781,90.9033338996778,26.544728918001056
recycle_minus50__ukf_tuned__neural__mimo__0__9003,c25e9bce5eb2ec738311f3bd2b5a7bb74c56be85272cfc83d7ac8e65599cb86a,recycle_minus50,ukf_tuned,neural,mimo,False,9003,complete,,400,10.0,0.009141937075395942,0.0016821750028403466,4.121481221869453e-05,0.018962024283107153,2.4609688407897448,161.5743779303275,0.0,0.0032121520717408487,0.28067086795714374,0.2812559506324935,0.00043699949343162237,0,0,0,0,0,55.15493100028834,86.24477730108991,24.936823069001548
recycle_minus50__ukf_tuned__neural__mimo__1__9001,c25e9bce5eb2ec738311f3bd2b5a7bb74c56be85272cfc83d7ac8e65599cb86a,recycle_minus50,ukf_tuned,neural,mimo,True,9001,complete,,400,10.0,0.009122086423514766,0.0018174399663746063,4.401143660821235e-05,0.017519654341903057,2.6778128810871045,162.0345345070206,0.0,0.0032431218993608318,0.2811843178300837,0.2814043996529152,7.645037950831934e-05,0,0,0,0,0,54.92359250001755,86.70724335051997,24.726777102001506
recycle_minus50__ukf_tuned__neural__mimo__1__9002,c25e9bce5eb2ec738311f3bd2b5a7bb74c56be85272cfc83d7ac8e65599cb86a,recycle_minus50,ukf_tuned,neural,mimo,True,9002,complete,,400,10.0,0.009173954686882474,0.0017664532747375238,4.1901634442326844e-05,0.018933805129509342,3.3999604091393563,161.7952665559417,0.0,0.0031565742068214455,0.28047669466169056,0.28106666222216,0.000631172788884804,0,0,0,0,0,56.28706050083565,92.59889439972538,26.533989658999417
recycle_minus50__ukf_tuned__neural__mimo__1__9003,c25e9bce5eb2ec738311f3bd2b5a7bb74c56be85272cfc83d7ac8e65599cb86a,recycle_minus50,ukf_tuned,neural,mimo,True,9003,complete,,400,10.0,0.009141759910654843,0.0016821276077574993,4.121427694672958e-05,0.018961307740940805,2.4609299809844187,161.57435304033203,0.0,0.0032121509720160145,0.28067100507880083,0.28125609380093086,0.0004368623717745379,0,0,0,0,0,57.54630949923012,92.97930274979079,27.279007361999902
recycle_minus50__ukf_tuned__neural__siso__0__9001,c25e9bce5eb2ec738311f3bd2b5a7bb74c56be85272cfc83d7ac8e65599cb86a,recycle_minus50,ukf_tuned,neural,siso,False,9001,complete,,400,10.0,0.39662868585173167,0.3892811875526776,0.0695540007665835,3.517538454907388,381.4731933851511,165.66312260572207,0.23750000000000002,0.003260145835905689,0.03620031312401484,0.036018074852446895,0.24490755432656053,0,0,0,0,0,31.067230999724416,48.33948524965306,14.024975609998364
recycle_minus50__ukf_tuned__neural__siso__0__9002,c25e9bce5eb2ec738311f3bd2b5a7bb74c56be85272cfc83d7ac8e65599cb86a,recycle_minus50,ukf_tuned,neural,siso,False,9002,complete,,400,10.0,0.397480633841871,0.3900721348601241,0.06993880365010496,3.526204851983078,382.6622214326941,165.56926199472542,0.23625000000000002,0.0031570749346473783,0.03602024940119172,0.03591869625971013,0.24508761804938364,0,0,0,0,0,30.42377600013424,46.18043985046824,13.117932672999814
recycle_minus50__ukf_tuned__neural__siso__0__9003,c25e9bce5eb2ec738311f3bd2b5a7bb74c56be85272cfc83d7ac8e65599cb86a,recycle_minus50,ukf_tuned,neural,siso,False,9003,complete,,400,10.0,0.4117531809101511,0.40428143569345365,0.07360061583998975,3.6470328600074082,388.696589440926,165.41813449720522,0.14750000000000002,0.0032084436051755183,0.03399110264338469,0.034049937385222356,0.2471167648071907,0,0,0,0,0,30.979504499555333,50.52788080001846,14.261008100000254
recycle_minus50__ukf_tuned__neural__siso__1__9001,c25e9bce5eb2ec738311f3bd2b5a7bb74c56be85272cfc83d7ac8e65599cb86a,recycle_minus50,ukf_tuned,neural,siso,True,9001,complete,,400,10.0,0.398693801866386,0.38928203053270144,0.06961802184830845,3.51899209151254,382.35686957541554,164.70732307573434,0.0,0.0033180922806086478,0.03620020115224047,0.03601796575415057,0.24490766629833488,0,0,1,1,1,31.139345499468618,50.43870880017493,14.578842771001291
recycle_minus50__ukf_tuned__neural__siso__1__9002,c25e9bce5eb2ec738311f3bd2b5a7bb74c56be85272cfc83d7ac8e65599cb86a,recycle_minus50,ukf_tuned,neural,siso,True,9002,complete,,400,10.0,0.39627943659018783,0.3900717678236209,0.06992247550959708,3.5258847067521253,382.018945820913,164.2532633239977,0.0,0.0031816625878055443,0.03602030196002615,0.03591874095302026,0.24508756549054922,0,0,0,0,0,30.981568500465073,49.089382901092904,14.25018551500034
recycle_minus50__ukf_tuned__neural__siso__1__9003,c25e9bce5eb2ec738311f3bd2b5a7bb74c56be85272cfc83d7ac8e65599cb86a,recycle_minus50,ukf_tuned,neural,siso,True,9003,complete,,400,10.0,0.4137548836900497,0.40428283079473915,0.07366169750372512,3.648295554825403,389.7666121723911,164.68273418161255,0.0,0.0032679122402117775,0.03399090992826019,0.03404975138450585,0.24711695752231516,0,0,1,1,1,30.181637500390934,51.43003754956226,13.869488029000422
recycle_minus50__ukf_tuned__physical__mimo__0__9001,c25e9bce5eb2ec738311f3bd2b5a7bb74c56be85272cfc83d7ac8e65599cb86a,recycle_minus50,ukf_tuned,physical,mimo,False,9001,complete,,400,10.0,0.009280055061218056,0.001979364249504576,4.4087268702847726e-05,0.018887559650920073,2.7093467174935584,162.03581143878836,0.0,0.0032431120076431915,0.2812797375630312,0.2814997925946271,0.00017187011245584083,0,0,0,0,0,13.291981499605754,19.949965498562918,6.7356934629988245
recycle_minus50__ukf_tuned__physical__mimo__0__9002,c25e9bce5eb2ec738311f3bd2b5a7bb74c56be85272cfc83d7ac8e65599cb86a,recycle_minus50,ukf_tuned,physical,mimo,False,9002,complete,,400,10.0,0.009101566287427072,0.0016999485354366787,4.182933898090305e-05,0.018281611036983076,3.35401066010341,161.80576598247686,0.0,0.0031565321514674914,0.2805718155293351,0.2811620759261473,0.0005360519212402881,0,0,0,0,0,13.404531499872974,21.62568899975667,7.121370343000308
recycle_minus50__ukf_tuned__physical__mimo__0__9003,c25e9bce5eb2ec738311f3bd2b5a7bb74c56be85272cfc83d7ac8e65599cb86a,recycle_minus50,ukf_tuned,physical,mimo,False,9003,complete,,400,10.0,0.009047627479923336,0.0015921629599610345,4.1100141661740006e-05,0.017956050711908346,2.4212358316434583,161.57634427043484,0.0,0.003212088211493616,0.2807650660889389,0.2813502229768682,0.0003428013616364467,0,0,0,0,0,14.441879500736832,22.82689359926734,7.692266062000272
recycle_minus50__ukf_tuned__physical__mimo__1__9001,c25e9bce5eb2ec738311f3bd2b5a7bb74c56be85272cfc83d7ac8e65599cb86a,recycle_minus50,ukf_tuned,physical,mimo,True,9001,complete,,400,10.0,0.009279917250671555,0.001979312058783686,4.408737099932588e-05,0.018886515265482056,2.7095304276127714,162.03583601852972,0.0,0.0032431121084899785,0.28127965713107334,0.28149970622125536,0.00017178968049796906,0,0,0,0,0,14.197111000612495,22.40922659875649,7.4621463359999325
recycle_minus50__ukf_tuned__physical__mimo__1__9002,c25e9bce5eb2ec738311f3bd2b5a7bb74c56be85272cfc83d7ac8e65599cb86a,recycle_minus50,ukf_tuned,physical,mimo,True,9002,complete,,400,10.0,0.009101572035665275,0.0016999037505141203,4.1829603249018876e-05,0.01828146578277953,3.3540339796199676,161.80575469734976,0.0,0.0031565321556646193,0.28057187266812517,0.2811621380842822,0.0005359947824501998,0,0,0,0,0,13.919312999860267,21.42690815080641,7.288889428000402
recycle_minus50__ukf_tuned__physical__mimo__1__9003,c25e9bce5eb2ec738311f3bd2b5a7bb74c56be85272cfc83d7ac8e65599cb86a,recycle_minus50,ukf_tuned,physical,mimo,True,9003,complete,,400,10.0,0.009047514910466032,0.001592058401965386,4.110029781664868e-05,0.017955160778641916,2.4213145210181852,161.5762840929777,0.0,0.0032120868034627003,0.28076507121288435,0.2813502275246373,0.0003427962376910121,0,0,0,0,0,14.166626000587712,21.64412924885254,7.256862132999231
recycle_minus50__ukf_tuned__physical__siso__0__9001,c25e9bce5eb2ec738311f3bd2b5a7bb74c56be85272cfc83d7ac8e65599cb86a,recycle_minus50,ukf_tuned,physical,siso,False,9001,complete,,400,10.0,0.012130866730453969,0.004796389109741844,5.0091929217300116e-05,0.04229951638910236,224.3137789996681,165.65487057996484,0.23500000000000001,0.0032801056585876546,0.2836676848192834,0.285355187372705,0.0025598173687080283,0,0,0,0,0,7.281334499566583,10.334653899553807,3.9007894539990957
recycle_minus50__ukf_tuned__physical__siso__0__9002,c25e9bce5eb2ec738311f3bd2b5a7bb74c56be85272cfc83d7ac8e65599cb86a,recycle_minus50,ukf_tuned,physical,siso,False,9002,complete,,400,10.0,0.012838007678293496,0.005449563034927111,4.9806086136059694e-05,0.04962435410702991,226.31737497530307,165.56504507749514,0.23500000000000001,0.0032081012417673207,0.2807162807377698,0.28187809361822547,0.00039158671280559165,0,0,0,0,0,7.003806500506471,8.269435100828558,3.6007230539999
recycle_minus50__ukf_tuned__physical__siso__0__9003,c25e9bce5eb2ec738311f3bd2b5a7bb74c56be85272cfc83d7ac8e65599cb86a,recycle_minus50,ukf_tuned,physical,siso,False,9003,complete,,400,10.0,0.011969819412286795,0.004517365591236857,4.667744925151877e-05,0.04221799211197004,226.60112085464155,165.4096178745708,0.14625000000000002,0.0032375746901947525,0.2813131499738159,0.2837088178307117,0.0002052825232405353,0,0,0,0,0,7.063939999170543,10.233170799710933,3.750085225001385
recycle_minus50__ukf_tuned__physical__siso__1__9001,c25e9bce5eb2ec738311f3bd2b5a7bb74c56be85272cfc83d7ac8e65599cb86a,recycle_minus50,ukf_tuned,physical,siso,True,9001,complete,,400,10.0,0.014221148299842392,0.004796531044427226,0.0001142321329000237,0.043761623403454304,225.2084072451247,164.7061171823316,0.0,0.003337476467636395,0.2836676776631509,0.28535518128957127,0.0025598102125755084,0,0,1,1,1,7.37531799950375,11.340207849116268,4.197618702999534
recycle_minus50__ukf_tuned__physical__siso__1__9002,c25e9bce5eb2ec738311f3bd2b5a7bb74c56be85272cfc83d7ac8e65599cb86a,recycle_minus50,ukf_tuned,physical,siso,True,9002,complete,,400,10.0,0.011651558447412131,0.005449533989088368,3.374664221156452e-05,0.049311341091577976,225.6818051702719,164.2552065320669,0.0,0.0032318760681457888,0.28071597557853234,0.28187778372392414,0.00039189187204302645,0,0,0,0,0,7.103763500708737,9.969538100267519,3.777865701000337
recycle_minus50__ukf_tuned__physical__siso__1__9003,c25e9bce5eb2ec738311f3bd2b5a7bb74c56be85272cfc83d7ac8e65599cb86a,recycle_minus50,ukf_tuned,physical,siso,True,9003,complete,,400,10.0,0.013982931456031538,0.004517264990626799,0.00010735927633158259,0.04347242966797208,227.6776756543856,164.70022425560566,0.0,0.003296092182404328,0.28131317812419027,0.28370885076924474,0.00020531067361490019,0,0,1,1,1,7.274971500009997,12.20741024990275,4.115789940999093
servo_down__ukf_tuned__neural__mimo__0__9001,c25e9bce5eb2ec738311f3bd2b5a7bb74c56be85272cfc83d7ac8e65599cb86a,servo_down,ukf_tuned,neural,mimo,False,9001,complete,,400,10.0,0.01955469433053123,0.012712565209544415,0.0002582821058757261,0.07201254997995263,2.7386970441602116,162.03100356708433,0.0,0.0032035765616658775,0.2812326184740468,0.28085132455609224,0.00012475102347142553,0,0,0,0,0,55.66966950027563,89.46434584977395,25.05895514199983
servo_down__ukf_tuned__neural__mimo__0__9002,c25e9bce5eb2ec738311f3bd2b5a7bb74c56be85272cfc83d7ac8e65599cb86a,servo_down,ukf_tuned,neural,mimo,False,9002,complete,,400,10.0,0.019640801513108572,0.012397685047935801,0.00025050917525529926,0.07074246548600789,3.4612384717482514,162.0665237183536,0.0,0.0032723396678787787,0.28055008798337255,0.2812260512668939,0.0005577794672028125,0,0,0,0,0,56.130768500224804,89.38968109941925,25.20800630300073
servo_down__ukf_tuned__neural__mimo__0__9003,c25e9bce5eb2ec738311f3bd2b5a7bb74c56be85272cfc83d7ac8e65599cb86a,servo_down,ukf_tuned,neural,mimo,False,9003,complete,,400,10.0,0.019266320044841946,0.012429165140725038,0.0002563000467030584,0.07096451854082535,2.848187224532325,161.83465101495688,0.0,0.003186866041357116,0.2808744402549672,0.2809629816127047,0.00023342719560814906,0,0,0,0,0,55.35242050063971,85.47628844899006,24.760358960000303
servo_down__ukf_tuned__neural__mimo__1__9001,c25e9bce5eb2ec738311f3bd2b5a7bb74c56be85272cfc83d7ac8e65599cb86a,servo_down,ukf_tuned,neural,mimo,True,9001,complete,,400,10.0,0.019554904041091194,0.01271276811784288,0.00025828718914024405,0.07201404840162354,2.738620934367955,162.0309827593655,0.0,0.003203577745600282,0.28123265677253434,0.2808513597274049,0.00012478932195897352,0,0,0,0,0,54.74034850067255,85.22238959903915,24.44372360899979
servo_down__ukf_tuned__neural__mimo__1__9002,c25e9bce5eb2ec738311f3bd2b5a7bb74c56be85272cfc83d7ac8e65599cb86a,servo_down,ukf_tuned,neural,mimo,True,9002,complete,,400,10.0,0.019641102734693945,0.01239791062277208,0.00025051099462709023,0.07074374823608255,3.461239219757966,162.0665766328998,0.0,0.0032723389543726374,0.2805499919753151,0.28122595387852595,0.000557875475260261,0,0,0,0,0,57.76174000038736,92.53260499835956,26.69476054700135
servo_down__ukf_tuned__neural__mimo__1__9003,c25e9bce5eb2ec738311f3bd2b5a7bb74c56be85272cfc83d7ac8e65599cb86a,servo_down,ukf_tuned,neural,mimo,True,9003,complete,,400,10.0,0.019266182997651836,0.012428994726974042,0.0002563006006269659,0.07096362866755737,2.848169155156891,161.83488336365772,0.0,0.003186866915756867,0.28087459664312103,0.28096313736676937,0.00023327080745433326,0,0,0,0,0,58.596385500095494,95.51584975079092,27.257724253999186
servo_down__ukf_tuned__neural__siso__0__9001,c25e9bce5eb2ec738311f3bd2b5a7bb74c56be85272cfc83d7ac8e65599cb86a,servo_down,ukf_tuned,neural,siso,False,9001,complete,,400,10.0,0.019628578750270537,0.012749808656113457,0.0002593193714292629,0.07227915234556026,68.38738395969791,165.80101338192378,0.28125000000000006,0.003195004880864237,0.28126468900886453,0.2808822706455109,0.00015682155828916633,0,0,0,0,0,31.066313499650278,48.602346450661564,14.088380223998684
servo_down__ukf_tuned__neural__siso__0__9002,c25e9bce5eb2ec738311f3bd2b5a7bb74c56be85272cfc83d7ac8e65599cb86a,servo_down,ukf_tuned,neural,siso,False,9002,complete,,400,10.0,0.01966451502948454,0.01240935036333529,0.00025088664367077984,0.07073945641657256,68.73678360815418,165.8068576363671,0.28250000000000003,0.0032579095895820557,0.2805473493060925,0.28122582158132725,0.00056051814448288,0,0,0,0,0,31.056548999913502,49.10336244856804,14.165668943000128
servo_down__ukf_tuned__neural__siso__0__9003,c25e9bce5eb2ec738311f3bd2b5a7bb74c56be85272cfc83d7ac8e65599cb86a,servo_down,ukf_tuned,neural,siso,False,9003,complete,,400,10.0,0.019204795361776585,0.012358744520114078,0.00025746488658859133,0.07054959431312406,68.84441645443047,165.500391730806,0.215,0.0031685160867405446,0.2808617700832151,0.2809526849843788,0.000246097367360254,0,0,0,0,0,31.07721050037071,48.67657495033199,14.043885720999242
servo_down__ukf_tuned__neural__siso__1__9001,c25e9bce5eb2ec738311f3bd2b5a7bb74c56be85272cfc83d7ac8e65599cb86a,servo_down,ukf_tuned,neural,siso,True,9001,complete,,400,10.0,0.021645688695355644,0.012748398907172028,0.0003208821731465477,0.07373720007285907,68.923147934025,165.00196582612557,0.005,0.003242661396782408,0.2812650074795759,0.280882584331866,0.00015714002900052426,0,0,1,1,1,31.005591000393906,51.77459364995229,14.565871054001036
servo_down__ukf_tuned__neural__siso__1__9002,c25e9bce5eb2ec738311f3bd2b5a7bb74c56be85272cfc83d7ac8e65599cb86a,servo_down,ukf_tuned,neural,siso,True,9002,complete,,400,10.0,0.02121129823377364,0.01240943560490997,0.00030490509833419274,0.07167060622145992,69.29528538979933,164.85669153500262,0.0,0.0033423741800310963,0.28054749175378346,0.281225969811905,0.0005603756967919038,0,0,1,1,1,30.5824750003012,48.20291144915244,13.752199946999099
servo_down__ukf_tuned__neural__siso__1__9003,c25e9bce5eb2ec738311f3bd2b5a7bb74c56be85272cfc83d7ac8e65599cb86a,servo_down,ukf_tuned,neural,siso,True,9003,complete,,400,10.0,0.01840429869637235,0.012358931445405914,0.00024623899022176214,0.0703477212889216,68.41595972046227,164.44863645717123,0.0,0.0031867317952010564,0.28086199992660454,0.2809529218378283,0.0002458675239708219,0,0,0,0,0,31.187571000373282,49.41585845126606,14.217758220000178
servo_down__ukf_tuned__physical__mimo__0__9001,c25e9bce5eb2ec738311f3bd2b5a7bb74c56be85272cfc83d7ac8e65599cb86a,servo_down,ukf_tuned,physical,mimo,False,9001,complete,,400,10.0,0.019619565361287672,0.012783086485780708,0.000258060487326693,0.07229632148381943,2.7454208422658777,162.03135221352542,0.0,0.0032035896448648865,0.2812355932621612,0.280854290998552,0.00012772581158582152,0,0,0,0,0,14.226846999918052,21.951468700171972,7.561427840999386
servo_down__ukf_tuned__physical__mimo__0__9002,c25e9bce5eb2ec738311f3bd2b5a7bb74c56be85272cfc83d7ac8e65599cb86a,servo_down,ukf_tuned,physical,mimo,False,9002,complete,,400,10.0,0.01965131018163715,0.012412884259298027,0.00025021019038925146,0.07068949792386695,3.4821861736792874,162.0809720460909,0.0,0.0032722940623429882,0.2805502173421406,0.2812261659888721,0.0005576501084347818,0,0,0,0,0,13.608416999886686,21.209514450492858,7.022122210000816
servo_down__ukf_tuned__physical__mimo__0__9003,c25e9bce5eb2ec738311f3bd2b5a7bb74c56be85272cfc83d7ac8e65599cb86a,servo_down,ukf_tuned,physical,mimo,False,9003,complete,,400,10.0,0.01920665365969369,0.012374846374137799,0.0002560019224708347,0.07058285640655523,2.8318919898546406,161.84965594384002,0.0,0.003186788305460446,0.2808744751202115,0.2809630353038475,0.00023339233036384632,0,0,0,0,0,13.493508999999904,21.919427749799063,7.1913064809996285
servo_down__ukf_tuned__physical__mimo__1__9001,c25e9bce5eb2ec738311f3bd2b5a7bb74c56be85272cfc83d7ac8e65599cb86a,servo_down,ukf_tuned,physical,mimo,True,9001,complete,,400,10.0,0.019619782200924692,0.012783228944731488,0.0002580663515738571,0.07229765022893765,2.7453608166751504,162.0313521720441,0.0,0.003203589828074324,0.2812355722417269,0.28085426975276884,0.00012770479115153943,0,0,0,0,0,14.370674000929284,21.917235499677183,7.555411258999811
servo_down__ukf_tuned__physical__mimo__1__9002,c25e9bce5eb2ec738311f3bd2b5a7bb74c56be85272cfc83d7ac8e65599cb86a,servo_down,ukf_tuned,physical,mimo,True,9002,complete,,400,10.0,0.019651288519357116,0.012412860332418157,0.00025021194386774565,0.0706891918996313,3.482118335075729,162.0810642467114,0.0,0.0032722938503895057,0.28055014943679,0.2812261026409085,0.0005577180137853466,0,0,0,0,0,14.157548500406847,24.88177560044278,7.59881311099889
servo_down__ukf_tuned__physical__mimo__1__9003,c25e9bce5eb2ec738311f3bd2b5a7bb74c56be85272cfc83d7ac8e65599cb86a,servo_down,ukf_tuned,physical,mimo,True,9003,complete,,400,10.0,0.019206680039058906,0.012374773379697716,0.00025600115752705873,0.07058297108051223,2.831865106493162,161.84988840657468,0.0,0.00318678996983522,0.2808745507942999,0.2809631103243712,0.00023331665627546183,0,0,0,0,0,14.217083499715955,25.173908800115896,7.663457544000266
servo_down__ukf_tuned__physical__siso__0__9001,c25e9bce5eb2ec738311f3bd2b5a7bb74c56be85272cfc83d7ac8e65599cb86a,servo_down,ukf_tuned,physical,siso,False,9001,complete,,400,10.0,0.0196169490787822,0.012756582258151076,0.0002589409499654824,0.07217033026236286,68.30736752457094,165.79369107429164,0.27875,0.0031951350647347982,0.2812671143478948,0.280884688521011,0.00015924689731944275,0,0,0,0,0,7.42916699982743,14.243128549605897,4.408028604999345
servo_down__ukf_tuned__physical__siso__0__9002,c25e9bce5eb2ec738311f3bd2b5a7bb74c56be85272cfc83d7ac8e65599cb86a,servo_down,ukf_tuned,physical,siso,False,9002,complete,,400,10.0,0.01964323547815676,0.01240561643650784,0.0002506866433073638,0.0706037108661649,68.67009135070518,165.798588288547,0.28125,0.003258042379952682,0.2805483866748638,0.2812268453453967,0.0005594807757115516,0,0,0,0,0,7.144868500290613,11.443605098975224,4.008958775999417
servo_down__ukf_tuned__physical__siso__0__9003,c25e9bce5eb2ec738311f3bd2b5a7bb74c56be85272cfc83d7ac8e65599cb86a,servo_down,ukf_tuned,physical,siso,False,9003,complete,,400,10.0,0.0191793924459275,0.012353658645734521,0.00025714591199974647,0.07044396624643656,68.7543135808914,165.49341925865176,0.215,0.0031686239730670056,0.28086517483237666,0.28095612779849755,0.00024269261819870325,0,0,0,0,0,7.2062259996528155,13.26469064979391,4.314453195998794
servo_down__ukf_tuned__physical__siso__1__9001,c25e9bce5eb2ec738311f3bd2b5a7bb74c56be85272cfc83d7ac8e65599cb86a,servo_down,ukf_tuned,physical,siso,True,9001,complete,,400,10.0,0.02124977137137572,0.012755655415283246,0.000317892436584719,0.07305105181521719,68.64626182682284,164.57684999605468,0.0,0.00332183829198365,0.281267464998361,0.28088502913483415,0.0001595975477856615,0,0,1,1,1,7.308464500056289,13.698632899377111,4.226271359000748
servo_down__ukf_tuned__physical__siso__1__9002,c25e9bce5eb2ec738311f3bd2b5a7bb74c56be85272cfc83d7ac8e65599cb86a,servo_down,ukf_tuned,physical,siso,True,9002,complete,,400,10.0,0.021201237193464326,0.012405744631774034,0.0003046687080615705,0.07154007620488363,69.23439241853927,164.874405215927,0.0,0.0033419812874202278,0.28054855498849735,0.2812270198089978,0.000559312462078021,0,0,1,1,1,7.25728799989156,10.509876500236714,3.950097281000126
servo_down__ukf_tuned__physical__siso__1__9003,c25e9bce5eb2ec738311f3bd2b5a7bb74c56be85272cfc83d7ac8e65599cb86a,servo_down,ukf_tuned,physical,siso,True,9003,complete,,400,10.0,0.01839130100993663,0.012353715601629393,0.00024608344533073265,0.07024427882323189,68.33264604585156,164.44604019345164,0.0,0.003186642565044983,0.28086529137183686,0.2809562478379046,0.00024257607873851006,0,0,0,0,0,7.551285500085214,11.92134240091036,4.502107054000589
servo_up__ukf_tuned__neural__mimo__0__9001,c25e9bce5eb2ec738311f3bd2b5a7bb74c56be85272cfc83d7ac8e65599cb86a,servo_up,ukf_tuned,neural,mimo,False,9001,complete,,400,10.0,0.020108688144196363,0.012634824354062402,0.00025692342508530067,0.07330107059161488,3.053541228472722,161.89163951340603,0.0,0.003267477285474535,0.28110827922926246,0.28120559771305514,4.1177868709274534e-07,0,0,0,0,0,57.5496954998016,93.40544830001818,26.979043007000655
servo_up__ukf_tuned__neural__mimo__0__9002,c25e9bce5eb2ec738311f3bd2b5a7bb74c56be85272cfc83d7ac8e65599cb86a,servo_up,ukf_tuned,neural,mimo,False,9002,complete,,400,10.0,0.020703297799458422,0.013178439921900825,0.0002624646687842896,0.07740268324559856,2.718080876972709,162.05015787421613,0.0,0.0031815152398867387,0.2814033915154345,0.2815317947966563,0.00029552406485910954,0,0,0,0,0,55.953677999241336,92.53707879988723,25.90685474899874
servo_up__ukf_tuned__neural__mimo__0__9003,c25e9bce5eb2ec738311f3bd2b5a7bb74c56be85272cfc83d7ac8e65599cb86a,servo_up,ukf_tuned,neural,mimo,False,9003,complete,,400,10.0,0.019634607564878115,0.012711097528031415,0.00025212281595298364,0.07163938844454057,3.0748664124032867,161.89803976373253,0.0,0.0032645115488411924,0.2813883544960688,0.28089867282321584,0.0002804870454934383,0,0,0,0,0,55.51855799967598,90.00762480072805,25.209118589000354
servo_up__ukf_tuned__neural__mimo__1__9001,c25e9bce5eb2ec738311f3bd2b5a7bb74c56be85272cfc83d7ac8e65599cb86a,servo_up,ukf_tuned,neural,mimo,True,9001,complete,,400,10.0,0.020108490175082445,0.012634580759280558,0.0002569243125963387,0.07329942328345486,3.0535582516939304,161.89177749576288,0.0,0.00326747736284089,0.2811080139391651,0.28120533233557504,1.4648858975840895e-07,0,0,0,0,0,56.262237000737514,89.86298289992192,25.459432928999377
servo_up__ukf_tuned__neural__mimo__1__9002,c25e9bce5eb2ec738311f3bd2b5a7bb74c56be85272cfc83d7ac8e65599cb86a,servo_up,ukf_tuned,neural,mimo,True,9002,complete,,400,10.0,0.02070340615322733,0.013178501283370198,0.00026246453583029464,0.07740332462756677,2.718068258521439,162.05010376848847,0.0,0.0031815140211277197,0.2814034563191761,0.2815318677328125,0.00029558886860076017,0,0,0,0,0,56.7107090000718,90.89349804862647,25.813567923998562
servo_up__ukf_tuned__neural__mimo__1__9003,c25e9bce5eb2ec738311f3bd2b5a7bb74c56be85272cfc83d7ac8e65599cb86a,servo_up,ukf_tuned,neural,mimo,True,9003,complete,,400,10.0,0.019634597049076462,0.012711105779872259,0.00025212324350972756,0.07163907797017359,3.0749749296359115,161.89799501603744,0.0,0.0032645112416681645,0.2813883833295978,0.28089870078793816,0.0002805158790224471,0,0,0,0,0,56.40556599882984,93.50868505089238,26.541978040000686
servo_up__ukf_tuned__neural__siso__0__9001,c25e9bce5eb2ec738311f3bd2b5a7bb74c56be85272cfc83d7ac8e65599cb86a,servo_up,ukf_tuned,neural,siso,False,9001,complete,,400,10.0,0.01982395582851724,0.012357215524298377,0.000246713355549438,0.0717835190522805,62.80933597602,175.76254161043707,4.392499999999996,0.0032424068511310027,0.2811032396551408,0.2811992132633518,4.627795434586357e-06,0,0,0,0,0,29.95252199980314,48.25911354901107,13.81171130400071
servo_up__ukf_tuned__neural__siso__0__9002,c25e9bce5eb2ec738311f3bd2b5a7bb74c56be85272cfc83d7ac8e65599cb86a,servo_up,ukf_tuned,neural,siso,False,9002,complete,,400,10.0,0.020408625359479793,0.012917589552041128,0.0002476787415701222,0.07575786026105925,62.29280601069533,175.69396677998307,4.372499999999995,0.0031552292759406833,0.28140650959794483,0.2815337922380904,0.0002986421473694656,0,0,0,0,0,30.28749199984304,48.18111255108304,14.148419379000188
servo_up__ukf_tuned__neural__siso__0__9003,c25e9bce5eb2ec738311f3bd2b5a7bb74c56be85272cfc83d7ac8e65599cb86a,servo_up,ukf_tuned,neural,siso,False,9003,complete,,400,10.0,0.019385538351914006,0.012433141702720467,0.00023891374449261352,0.07019186582563748,62.108088970304394,175.7766603652971,4.349999999999995,0.003249198001855487,0.2814012076560795,0.28091148475939337,0.0002933402055041445,0,0,0,0,0,31.966944000487274,52.073487549932906,15.42675489100111
servo_up__ukf_tuned__neural__siso__1__9001,c25e9bce5eb2ec738311f3bd2b5a7bb74c56be85272cfc83d7ac8e65599cb86a,servo_up,ukf_tuned,neural,siso,True,9001,complete,,400,10.0,0.12861496810899187,0.11933173205865133,0.0039834315642709615,0.6032305641489839,22.089318070991766,165.58554299610168,0.3650000000000001,0.0033453891238441782,0.28110387836114853,0.2811989476301304,3.989089426836845e-06,0,0,5,5,5,27.76881050067459,49.638788500487834,11.639459842999713
servo_up__ukf_tuned__neural__siso__1__9002,c25e9bce5eb2ec738311f3bd2b5a7bb74c56be85272cfc83d7ac8e65599cb86a,servo_up,ukf_tuned,neural,siso,True,9002,complete,,400,10.0,0.1350823594366564,0.12525692451837467,0.004144450687930628,0.6512083196992737,24.284006789358028,165.35664966492902,0.2125,0.003207848743113928,0.28140455520845503,0.2815336078094482,0.0002966877578796656,0,0,6,6,6,26.650748000065505,44.15401885016761,10.783722825999575
servo_up__ukf_tuned__neural__siso__1__9003,c25e9bce5eb2ec738311f3bd2b5a7bb74c56be85272cfc83d7ac8e65599cb86a,servo_up,ukf_tuned,neural,siso,True,9003,complete,,400,10.0,0.125738278057305,0.11937909432724814,0.003944286633748078,0.6055930690416887,21.45289124971664,165.8057691890307,0.3662500000000001,0.0032631268102100226,0.28140146525607634,0.2809118550186379,0.000293597805500978,0,0,5,4,4,28.567299999849638,47.12593094955079,11.505060229999799
servo_up__ukf_tuned__physical__mimo__0__9001,c25e9bce5eb2ec738311f3bd2b5a7bb74c56be85272cfc83d7ac8e65599cb86a,servo_up,ukf_tuned,physical,mimo,False,9001,complete,,400,10.0,0.019972108131565896,0.012503552664960029,0.00025579466703991706,0.07255231812590747,3.1078453302594022,161.89255008001922,0.0,0.0032673670226063085,0.2811071057438972,0.28120440447216366,7.617066781762105e-07,0,0,0,0,0,12.884011500318593,14.921219500229194,6.285453214999507
servo_up__ukf_tuned__physical__mimo__0__9002,c25e9bce5eb2ec738311f3bd2b5a7bb74c56be85272cfc83d7ac8e65599cb86a,servo_up,ukf_tuned,physical,mimo,False,9002,complete,,400,10.0,0.02070187583047521,0.01318329124042434,0.0002615276214442759,0.07736246038936821,2.7582881344854453,162.0513262541947,0.0,0.0031814688123634207,0.2814027045687428,0.2815310609079434,0.00029483711816741254,0,0,0,0,0,19.431362000432273,22.948101649762975,8.706090206998851
servo_up__ukf_tuned__physical__mimo__0__9003,c25e9bce5eb2ec738311f3bd2b5a7bb74c56be85272cfc83d7ac8e65599cb86a,servo_up,ukf_tuned,physical,mimo,False,9003,complete,,400,10.0,0.019656645889230592,0.012738309787882056,0.00025120697209374764,0.07181152783496297,3.1183562166757124,161.9315815009134,0.0,0.0032643949255741628,0.28138944255519865,0.2808997408907274,0.0002815751046232884,0,0,0,0,0,13.424321999991662,20.935339850166194,6.920808728000338
servo_up__ukf_tuned__physical__mimo__1__9001,c25e9bce5eb2ec738311f3bd2b5a7bb74c56be85272cfc83d7ac8e65599cb86a,servo_up,ukf_tuned,physical,mimo,True,9001,complete,,400,10.0,0.01997216553773893,0.012503418237747806,0.000255796022947078,0.0725515648783519,3.107780318694139,161.89245808142198,0.0,0.003267366553631702,0.2811070013273035,0.281204303587738,8.661232718809586e-07,0,0,0,0,0,13.755831000707985,21.147837399439595,6.9388260999985505
servo_up__ukf_tuned__physical__mimo__1__9002,c25e9bce5eb2ec738311f3bd2b5a7bb74c56be85272cfc83d7ac8e65599cb86a,servo_up,ukf_tuned,physical,mimo,True,9002,complete,,400,10.0,0.02070197138584928,0.013183369680079025,0.0002615270544543491,0.07736281022040092,2.758305602173204,162.051181063474,0.0,0.0031814669179666384,0.2814028123895619,0.28153117561549734,0.00029494493898651886,0,0,0,0,0,13.55477749984857,20.79128865070742,6.879996133000532
servo_up__ukf_tuned__physical__mimo__1__9003,c25e9bce5eb2ec738311f3bd2b5a7bb74c56be85272cfc83d7ac8e65599cb86a,servo_up,ukf_tuned,physical,mimo,True,9003,complete,,400,10.0,0.019656578182945042,0.012738287640163859,0.0002512074173675882,0.07181143122368834,3.118405585187818,161.93149379732228,0.0,0.0032643944866253185,0.2813893672348135,0.2808996625043999,0.00028149978423813726,0,0,0,0,0,13.058689999525086,18.906392649114412,6.462153584998305
servo_up__ukf_tuned__physical__siso__0__9001,c25e9bce5eb2ec738311f3bd2b5a7bb74c56be85272cfc83d7ac8e65599cb86a,servo_up,ukf_tuned,physical,siso,False,9001,complete,,400,10.0,0.019845110622084085,0.012397096579547616,0.000246748245101248,0.07196828059329378,62.862050164330675,175.77837524386905,4.391249999999995,0.0032425313543153512,0.2810989084357259,0.2811948872965695,8.95901484948558e-06,0,0,0,0,0,10.425868999845989,12.545657849932464,6.010065513999507
servo_up__ukf_tuned__physical__siso__0__9002,c25e9bce5eb2ec738311f3bd2b5a7bb74c56be85272cfc83d7ac8e65599cb86a,servo_up,ukf_tuned,physical,siso,False,9002,complete,,400,10.0,0.020339726931021783,0.01287298331088094,0.00024779713798767734,0.07549610692272604,62.33548621782536,175.70787313833384,4.369999999999996,0.003155362716031637,0.28140605497666005,0.2815333009414339,0.00029818752608468113,0,0,0,0,0,7.329427499826124,14.888717350186196,4.893208175999462
servo_up__ukf_tuned__physical__siso__0__9003,c25e9bce5eb2ec738311f3bd2b5a7bb74c56be85272cfc83d7ac8e65599cb86a,servo_up,ukf_tuned,physical,siso,False,9003,complete,,400,10.0,0.01933912595442751,0.012407269613240785,0.00023900101693766015,0.07003454344579889,62.148984059330694,175.78546256506266,4.351249999999995,0.0032493290976429562,0.28140401871176723,0.2809142605797565,0.0002961512611918682,0,0,0,0,0,7.544825999502791,15.090257401243434,5.360611482999957
servo_up__ukf_tuned__physical__siso__1__9001,c25e9bce5eb2ec738311f3bd2b5a7bb74c56be85272cfc83d7ac8e65599cb86a,servo_up,ukf_tuned,physical,siso,True,9001,complete,,400,10.0,0.13598957312830875,0.12671494538081218,0.004504328931664622,0.6500164995405059,22.779605809756887,165.5935007348603,0.24875,0.0033450760056410113,0.28109876565409603,0.2811946282225485,9.101796479338287e-06,0,0,6,6,6,6.764910999663698,11.511040601453711,3.7352791670000443
servo_up__ukf_tuned__physical__siso__1__9002,c25e9bce5eb2ec738311f3bd2b5a7bb74c56be85272cfc83d7ac8e65599cb86a,servo_up,ukf_tuned,physical,siso,True,9002,complete,,400,10.0,0.13498288238074363,0.12516085184015946,0.004141824106958052,0.6511051223161917,24.30836481293363,165.29209680477575,0.26625000000000004,0.003206880713829623,0.28140435806820324,0.2815332144179965,0.0002964906176278759,0,0,6,6,6,6.8986340002084034,14.652985750308286,4.422960163001335
servo_up__ukf_tuned__physical__siso__1__9003,c25e9bce5eb2ec738311f3bd2b5a7bb74c56be85272cfc83d7ac8e65599cb86a,servo_up,ukf_tuned,physical,siso,True,9003,complete,,400,10.0,0.1319483774437066,0.12559629997181673,0.004149262379992166,0.6481962554627559,24.29260011216176,165.89793424606353,0.41375000000000006,0.0032624733858892868,0.2814042628563804,0.2809144095148778,0.0002963954058050611,0,0,6,5,5,7.342821499150887,14.990273101011551,4.855416654001601
thermal_loss__ukf_tuned__neural__mimo__0__9001,c25e9bce5eb2ec738311f3bd2b5a7bb74c56be85272cfc83d7ac8e65599cb86a,thermal_loss,ukf_tuned,neural,mimo,False,9001,complete,,400,10.0,0.015521288743727634,0.007133271117541067,5.688080475228904e-05,0.06458695133743118,38.99409992568088,169.1305627631284,4.883125000000002,0.003487624960084349,0.2801248989851364,0.28120231248940525,0.0009829684654389936,0,0,0,0,0,50.742464500217466,79.49926920009592,22.09143817400036
thermal_loss__ukf_tuned__neural__mimo__0__9002,c25e9bce5eb2ec738311f3bd2b5a7bb74c56be85272cfc83d7ac8e65599cb86a,thermal_loss,ukf_tuned,neural,mimo,False,9002,complete,,400,10.0,0.013083482548249219,0.005802362240402342,4.714824689011887e-05,0.05290566736546605,38.82437583237516,169.27471994344867,4.8781250000000025,0.003331738965134244,0.27969797067749624,0.28111883685473094,0.0014098967730791223,0,0,0,0,0,49.616618000072776,65.33222519974515,21.223156272999404
thermal_loss__ukf_tuned__neural__mimo__0__9003,c25e9bce5eb2ec738311f3bd2b5a7bb74c56be85272cfc83d7ac8e65599cb86a,thermal_loss,ukf_tuned,neural,mimo,False,9003,complete,,400,10.0,0.012896382973150388,0.005803026583627592,4.590416601552148e-05,0.05429875918023392,39.632322496081095,169.36897265813013,4.846875000000002,0.0033244285556020352,0.2791311431491194,0.2809767591102697,0.0019767243014559566,0,0,0,0,0,49.04132000046957,58.743006399708975,20.617995687000075
thermal_loss__ukf_tuned__neural__mimo__1__9001,c25e9bce5eb2ec738311f3bd2b5a7bb74c56be85272cfc83d7ac8e65599cb86a,thermal_loss,ukf_tuned,neural,mimo,True,9001,complete,,400,10.0,0.053702699008553026,0.04531483473799686,0.0008922850222667345,0.3851814113598712,29.174608770939283,169.32276112598063,3.3543749999999934,0.0034969676847987283,0.2775179875438271,0.27857732515417744,0.00358987990674825,0,0,10,5,5,49.5608560004257,58.07248760120273,20.320409178000773
thermal_loss__ukf_tuned__neural__mimo__1__9002,c25e9bce5eb2ec738311f3bd2b5a7bb74c56be85272cfc83d7ac8e65599cb86a,thermal_loss,ukf_tuned,neural,mimo,True,9002,complete,,400,10.0,0.021027948426796186,0.013746765648564314,0.00018481632133073367,0.10045039455345081,35.36989328858718,169.03826012995978,4.565624999999998,0.0033362337113039386,0.27982122387807074,0.28124348627382134,0.001286643572504631,0,0,2,1,1,51.90089750067273,76.32963135010864,22.089594011000372
thermal_loss__ukf_tuned__neural__mimo__1__9003,c25e9bce5eb2ec738311f3bd2b5a7bb74c56be85272cfc83d7ac8e65599cb86a,thermal_loss,ukf_tuned,neural,mimo,True,9003,complete,,400,10.0,0.031046397473817725,0.02395318859661528,0.00043480169552636633,0.174601256372653,34.761755261931846,169.28649373434232,4.168124999999993,0.00333833128371743,0.2793065723070878,0.2811490988059921,0.0018012951434875912,0,1,3,3,2,51.51829450005607,81.16662625061507,23.199086881999392
thermal_loss__ukf_tuned__neural__siso__0__9001,c25e9bce5eb2ec738311f3bd2b5a7bb74c56be85272cfc83d7ac8e65599cb86a,thermal_loss,ukf_tuned,neural,siso,False,9001,complete,,400,10.0,0.013071043642504962,0.004639514725667131,5.0514369976954066e-05,0.044616256165905956,100.57558728897412,183.36429562782925,5.163125000000006,0.003483720906159084,0.28053435696511364,0.2817422192439189,0.0005735104854617257,0,0,0,0,0,30.71844750047603,48.40235674964788,15.31638253500023
thermal_loss__ukf_tuned__neural__siso__0__9002,c25e9bce5eb2ec738311f3bd2b5a7bb74c56be85272cfc83d7ac8e65599cb86a,thermal_loss,ukf_tuned,neural,siso,False,9002,complete,,400,10.0,0.01050914233281173,0.0032371899152573527,4.201499363593848e-05,0.032280287106714184,100.66242773805953,183.30450781395186,5.098125000000006,0.003319628857131321,0.2803338306950256,0.2818403806719207,0.0007740367555497674,0,0,0,0,0,31.539467499897,52.19955964948895,16.372001294001166
thermal_loss__ukf_tuned__neural__siso__0__9003,c25e9bce5eb2ec738311f3bd2b5a7bb74c56be85272cfc83d7ac8e65599cb86a,thermal_loss,ukf_tuned,neural,siso,False,9003,complete,,400,10.0,0.010452845875226545,0.0034024061451682257,4.0407667518513854e-05,0.034908613432135915,100.28422210973255,183.63415278860128,5.1481250000000065,0.0033073567095237384,0.2797274142920112,0.2817452925785233,0.0013804531585641655,0,0,0,0,0,33.47129550002137,51.33550664986615,16.856878391001374
thermal_loss__ukf_tuned__neural__siso__1__9001,c25e9bce5eb2ec738311f3bd2b5a7bb74c56be85272cfc83d7ac8e65599cb86a,thermal_loss,ukf_tuned,neural,siso,True,9001,complete,,400,10.0,0.2062478760958434,0.19538761881378272,0.00865735382701026,1.5485832540575415,18.551166421343304,168.56563547950356,1.511249999999999,0.00362781967652258,0.22967082557809612,0.23136569344267502,0.051437041872479244,0,0,15,15,15,28.10129550016427,51.9283678490865,13.53240783199908
thermal_loss__ukf_tuned__neural__siso__1__9002,c25e9bce5eb2ec738311f3bd2b5a7bb74c56be85272cfc83d7ac8e65599cb86a,thermal_loss,ukf_tuned,neural,siso,True,9002,complete,,400,10.0,0.2004638861283618,0.19376416988394327,0.0084271515107943,1.5329324474179902,17.534606351702298,168.89105892627117,1.4799999999999993,0.0034288875836526386,0.2272435559182867,0.2291948131672545,0.053864311532288656,0,0,14,14,14,29.228591999526543,53.0217590511711,13.152545767999982
thermal_loss__ukf_tuned__neural__siso__1__9003,c25e9bce5eb2ec738311f3bd2b5a7bb74c56be85272cfc83d7ac8e65599cb86a,thermal_loss,ukf_tuned,neural,siso,True,9003,complete,,400,10.0,0.20165950542266287,0.19256273357214354,0.008397251366555164,1.5279816341411827,18.154411286530582,169.19467887187196,1.4762499999999994,0.003530346874669337,0.22726748386540052,0.2294574391480061,0.053840383585174845,0,0,15,15,15,28.19702299984783,53.144460001476546,12.675439981998352
thermal_loss__ukf_tuned__physical__mimo__0__9001,c25e9bce5eb2ec738311f3bd2b5a7bb74c56be85272cfc83d7ac8e65599cb86a,thermal_loss,ukf_tuned,physical,mimo,False,9001,complete,,400,10.0,0.01557134094915308,0.007186850756136202,5.700975003616259e-05,0.065024919775985,39.0496076498831,169.14032192447135,4.883125000000002,0.0034875854303005605,0.2801082650991378,0.28118611951924666,0.0009996023514375896,0,0,0,0,0,13.374502500482777,21.114374299941115,7.234586547001527
thermal_loss__ukf_tuned__physical__mimo__0__9002,c25e9bce5eb2ec738311f3bd2b5a7bb74c56be85272cfc83d7ac8e65599cb86a,thermal_loss,ukf_tuned,physical,mimo,False,9002,complete,,400,10.0,0.01313340022708412,0.005857762645440907,4.725390342985e-05,0.05335208359348625,38.87647750052403,169.2852793655665,4.8781250000000025,0.003331711266273359,0.27968294643218344,0.281104164936484,0.0014249210183919225,0,0,0,0,0,12.468986499698076,19.45938200069577,6.5240815300003305
thermal_loss__ukf_tuned__physical__mimo__0__9003,c25e9bce5eb2ec738311f3bd2b5a7bb74c56be85272cfc83d7ac8e65599cb86a,thermal_loss,ukf_tuned,physical,mimo,False,9003,complete,,400,10.0,0.012951735546662622,0.005863887370691404,4.601532170964101e-05,0.05477333831154275,39.68518281765172,169.37882522591687,4.846875000000002,0.0033243746079291473,0.27911588254908576,0.2809620181832822,0.0019919849014896074,0,0,0,0,0,13.322149999112298,22.004683750219556,6.999225432000458
thermal_loss__ukf_tuned__physical__mimo__1__9001,c25e9bce5eb2ec738311f3bd2b5a7bb74c56be85272cfc83d7ac8e65599cb86a,thermal_loss,ukf_tuned,physical,mimo,True,9001,complete,,400,10.0,0.05318578867938633,0.04480142022042689,0.0010060174184708343,0.36819751517387733,32.06805381156831,169.2224906377374,3.4656249999999926,0.003496008090446764,0.27778492059059817,0.27883678294751874,0.003322946859977194,0,3,11,7,4,12.896944000203803,21.27477355079462,6.829556814000171
thermal_loss__ukf_tuned__physical__mimo__1__9002,c25e9bce5eb2ec738311f3bd2b5a7bb74c56be85272cfc83d7ac8e65599cb86a,thermal_loss,ukf_tuned,physical,mimo,True,9002,complete,,400,10.0,0.023630763941226585,0.016355093718569018,0.0002749818968334227,0.11615263903110472,35.74358876080034,169.07700734208387,4.506874999999997,0.0033387189408646363,0.2798048410696263,0.2812277386963639,0.0013030263809490905,0,1,3,2,1,16.0228120003012,24.28201809880191,8.570000633000745
thermal_loss__ukf_tuned__physical__mimo__1__9003,c25e9bce5eb2ec738311f3bd2b5a7bb74c56be85272cfc83d7ac8e65599cb86a,thermal_loss,ukf_tuned,physical,mimo,True,9003,complete,,400,10.0,0.031071273478508608,0.023983503799206506,0.0004352247052989032,0.17816039601231828,34.75419116161728,169.30109331187091,4.168124999999992,0.003337244498354144,0.27928321382847066,0.2811266412291351,0.0018246536221047105,0,1,5,3,2,15.162462499574758,24.714149950432308,8.375033809999877
thermal_loss__ukf_tuned__physical__siso__0__9001,c25e9bce5eb2ec738311f3bd2b5a7bb74c56be85272cfc83d7ac8e65599cb86a,thermal_loss,ukf_tuned,physical,siso,False,9001,complete,,400,10.0,0.012055977704057782,0.0036420713742907865,4.845253879163125e-05,0.036351769874485566,101.03658101959526,183.47764646601865,5.160625000000007,0.0034832362506455458,0.2808179511020404,0.28202156689365226,0.00028991634853497983,0,0,0,0,0,7.01102249968244,10.621628149783641,4.446669822000331
thermal_loss__ukf_tuned__physical__siso__0__9002,c25e9bce5eb2ec738311f3bd2b5a7bb74c56be85272cfc83d7ac8e65599cb86a,thermal_loss,ukf_tuned,physical,siso,False,9002,complete,,400,10.0,0.009931064034983122,0.0026827594505850574,4.0719320474896154e-05,0.026971020306513462,101.12598472771734,183.41920833969627,5.096875000000005,0.0033192005454652654,0.28062088486303877,0.2821235226797688,0.0004869825875365996,0,0,0,0,0,7.3622255004011095,10.380532499948457,4.633478125999318
thermal_loss__ukf_tuned__physical__siso__0__9003,c25e9bce5eb2ec738311f3bd2b5a7bb74c56be85272cfc83d7ac8e65599cb86a,thermal_loss,ukf_tuned,physical,siso,False,9003,complete,,400,10.0,0.009918056208822261,0.002883881175922934,3.906189973857353e-05,0.02990140109454639,100.7439275148113,183.7487920009813,5.146875000000006,0.003306903194158415,0.280010203604181,0.2820252549497886,0.00109766384639437,0,0,0,0,0,7.152135500291479,11.270040800263812,4.728698389999408
thermal_loss__ukf_tuned__physical__siso__1__9001,c25e9bce5eb2ec738311f3bd2b5a7bb74c56be85272cfc83d7ac8e65599cb86a,thermal_loss,ukf_tuned,physical,siso,True,9001,complete,,400,10.0,0.20607615955522987,0.19520376204888934,0.00864163459851701,1.5471834165671556,18.58446081166794,168.59334344791557,1.5174999999999987,0.003627354990945761,0.22970925517978738,0.231404018791143,0.051398612270787986,0,0,15,15,15,6.6756134992829175,14.014021200728163,4.168182682000406
thermal_loss__ukf_tuned__physical__siso__1__9002,c25e9bce5eb2ec738311f3bd2b5a7bb74c56be85272cfc83d7ac8e65599cb86a,thermal_loss,ukf_tuned,physical,siso,True,9002,complete,,400,10.0,0.2002721949402225,0.1935816998386011,0.008411636927596418,1.5314854405439147,17.565143854345184,168.91537068372293,1.4862499999999992,0.003428615905835163,0.22728932078311198,0.22924023789231904,0.053818546667463385,0,0,14,14,14,7.638672999746632,15.519612949265131,5.504126216001168
thermal_loss__ukf_tuned__physical__siso__1__9003,c25e9bce5eb2ec738311f3bd2b5a7bb74c56be85272cfc83d7ac8e65599cb86a,thermal_loss,ukf_tuned,physical,siso,True,9003,complete,,400,10.0,0.20143268656534835,0.19234408599575933,0.008378333771024683,1.5262625613456469,18.204901272138354,169.2255581057838,1.4849999999999994,0.003529921122660037,0.22730840632289853,0.2294982632072527,0.053799461127676834,0,0,16,15,15,7.058424500428373,14.46040150021872,4.780361243001607
