case,seed,estimator,status,error,samples,xEB_RMSE,xEB_RMSE_after5,T_RMSE_after5,repairs,projections
servo_up,9001,ukf,complete,,400,0.0033511284425726704,0.0002983052337629245,0.22000136208400253,0,0
servo_up,9001,lstm_ukf,complete,,400,0.0033415511272340014,0.0002504529126571036,0.2716864485672912,0,0
servo_up,9001,nake,complete,,400,0.0033448856718196027,0.0002920350153225103,0.21893526552302098,0,0
servo_up,9001,lstm_nake,complete,,400,0.003329502827435635,0.0002509139162639555,0.26059128240462825,0,0
servo_up,9002,ukf,complete,,400,0.0032663119226605556,0.00037617081715598285,0.2238746405056878,0,0
servo_up,9002,lstm_ukf,complete,,400,0.0032489873814174003,0.00034028616034557284,0.2886107247806369,0,0
servo_up,9002,nake,complete,,400,0.003257894958625399,0.00037358532123663485,0.2190869479780905,0,0
servo_up,9002,lstm_nake,complete,,400,0.0032435584314412904,0.0003459629546171983,0.27397903886892905,0,0
servo_up,9003,ukf,complete,,400,0.003300494500186593,0.00044322604161911355,0.21865934401598894,0,0
servo_up,9003,lstm_ukf,complete,,400,0.003319072731416959,0.0003945808310245105,0.2915097342786366,0,0
servo_up,9003,nake,complete,,400,0.00329798161878264,0.00043866085470192496,0.21260984412896902,0,0
servo_up,9003,lstm_nake,complete,,400,0.003314093914395482,0.00040036284397581943,0.27603995586030705,0,0
benzene_50,9001,ukf,complete,,400,0.0032931045296322385,0.00038618040264757735,0.22791268192207298,0,0
benzene_50,9001,lstm_ukf,complete,,400,0.003306106311696788,0.0003974087968344905,0.3690198155753777,0,0
benzene_50,9001,nake,complete,,400,0.003311297566277208,0.0006651450127155211,0.3229611207277185,0,0
benzene_50,9001,lstm_nake,complete,,400,0.003320197876741485,0.0006306746835197938,0.4035621569952287,0,0
benzene_50,9002,ukf,complete,,400,0.003293537600545514,0.0002460136543345581,0.16845412357643028,0,0
benzene_50,9002,lstm_ukf,complete,,400,0.003288834099814265,0.000258792479621738,0.31736692197057115,0,0
benzene_50,9002,nake,complete,,400,0.003292233957905126,0.00045031319880568647,0.20562861696792922,0,0
benzene_50,9002,lstm_nake,complete,,400,0.0032883827739880163,0.000409038583030932,0.32859981610066596,0,0
benzene_50,9003,ukf,complete,,400,0.003338337384774266,0.00027562009044247097,0.18769342308976114,0,0
benzene_50,9003,lstm_ukf,complete,,400,0.0033287675795891703,0.0003081710895556246,0.2647685198281661,0,0
benzene_50,9003,nake,complete,,400,0.0033375639295588244,0.00044659879172049074,0.23211218814346116,0,0
benzene_50,9003,lstm_nake,complete,,400,0.0033292635057700546,0.0004223510546614418,0.2719090891683867,0,0
recycle_minus50,9001,ukf,complete,,400,0.003290088451639509,0.00025304373154026955,0.26658615858068924,0,0
recycle_minus50,9001,lstm_ukf,complete,,400,0.0033139068185751965,0.00038290525142737513,0.3699703266844742,0,0
recycle_minus50,9001,nake,complete,,400,0.0032956188108908533,0.0004395804415858696,0.4530967377923483,0,0
recycle_minus50,9001,lstm_nake,complete,,400,0.003310214469882595,0.0003451644903901541,0.34171695441644756,0,0
recycle_minus50,9002,ukf,complete,,400,0.003191008388751419,0.00031011562090510996,0.2286819046197146,0,0
recycle_minus50,9002,lstm_ukf,complete,,400,0.0032096816041859537,0.0003660298718938015,0.4076879693784254,0,0
recycle_minus50,9002,nake,complete,,400,0.003202317038365943,0.0005428655079744373,0.48001519742546506,0,0
recycle_minus50,9002,lstm_nake,complete,,400,0.003210807373288618,0.0004317676002768395,0.42914907439156214,0,0
recycle_minus50,9003,ukf,complete,,400,0.0032769970517174804,0.0003572313101245986,0.3070682625530886,0,0
recycle_minus50,9003,lstm_ukf,complete,,400,0.0032798571731655467,0.00034624752936711833,0.36476776374020514,0,0
recycle_minus50,9003,nake,complete,,400,0.003301157570394821,0.0007235496977842645,0.6117445965491906,0,0
recycle_minus50,9003,lstm_nake,complete,,400,0.003279761515778807,0.0004403463671170419,0.41057089244159134,0,0
thermal_loss,9001,ukf,complete,,400,0.008657298863784796,0.011255236275536295,16.573778747166504,0,0
thermal_loss,9001,lstm_ukf,complete,,400,0.0034873156040756007,0.0011549327979117514,5.9279842900551785,0,0
thermal_loss,9001,nake,complete,,400,0.003504618201840966,0.0012381192091113124,5.1049495284913995,0,0
thermal_loss,9001,lstm_nake,complete,,400,0.0037526908405750995,0.0023107369227528267,5.288163589280324,0,0
thermal_loss,9002,ukf,complete,,400,0.008820682056071944,0.011591743749557069,16.613225650904845,0,0
thermal_loss,9002,lstm_ukf,complete,,400,0.0034070439539456376,0.0014611686662942326,5.90873899946769,0,0
thermal_loss,9002,nake,complete,,400,0.0033883706910732623,0.0013579684667716408,5.062235078059112,0,0
thermal_loss,9002,lstm_nake,complete,,400,0.0037040489181454895,0.00254123887960044,5.263100948772132,0,0
thermal_loss,9003,ukf,complete,,400,0.00870260626415737,0.01141215365803293,16.630498404790572,0,0
thermal_loss,9003,lstm_ukf,complete,,400,0.0033937837600357375,0.0014700062268853276,6.024470824024309,0,0
thermal_loss,9003,nake,complete,,400,0.0033520615492216976,0.001188411232854828,5.156554603233822,0,0
thermal_loss,9003,lstm_nake,complete,,400,0.0036373962888918312,0.0024113662525260546,5.341558060612307,0,0
kinetics_noise,9001,ukf,complete,,400,0.014654447989350951,0.020263681940687756,0.45283960689970754,0,0
kinetics_noise,9001,lstm_ukf,complete,,400,0.014511137952199512,0.020052316572718103,0.3456801430229948,0,0
kinetics_noise,9001,nake,complete,,400,0.014640072300685503,0.02024316810904544,0.4177705195195006,0,0
kinetics_noise,9001,lstm_nake,complete,,400,0.014517757349993724,0.020063430936660954,0.34503686694472563,0,0
kinetics_noise,9002,ukf,complete,,400,0.014835562645933142,0.020461854256482122,0.6669285622706124,0,0
kinetics_noise,9002,lstm_ukf,complete,,400,0.014766783957540231,0.020357885774917817,0.5917721443929834,0,0
kinetics_noise,9002,nake,complete,,400,0.014829536404388482,0.02045508510254728,0.6557192174152913,0,0
kinetics_noise,9002,lstm_nake,complete,,400,0.014740466679945484,0.020319332393320823,0.5857594596661283,0,0
kinetics_noise,9003,ukf,complete,,400,0.015213213570140252,0.021036476041175946,0.6430932054514309,0,0
kinetics_noise,9003,lstm_ukf,complete,,400,0.015131044975310183,0.02091005405257378,0.5045044946545072,0,0
kinetics_noise,9003,nake,complete,,400,0.015215117805124415,0.021040193079924368,0.6203695189551993,0,0
kinetics_noise,9003,lstm_nake,complete,,400,0.015122786813842803,0.0208989579511268,0.5014620230384391,0,0
