estimator,prediction,mode,constrained,runs,complete,IAE_event_mean,IAE_mean,macro_gain_vs_tuned_pct,macro_gain_vs_Q0_pct,paired_comparisons,Tmax_C,actual_violating_runs,violation_mean_min,thermal_IAE_mean,fallbacks,solver_failed_statuses,median_latency_ms
ukf,physical,siso,False,18,18,0.03093533869452618,0.0383661643314225,-277.0166567954237,0.0,18,188.91254020325061,18,153.26250000000007,97.60775556503927,0,0,6.8705499988936936
ukf,physical,siso,True,18,18,0.0703226854728348,0.07711121188362163,18.24412231966003,0.0,18,183.99725671332695,10,67.80208333333337,75.38266045907511,20,25,6.748079999397305
ukf,physical,mimo,False,18,18,0.03038145893480077,0.03782672939255583,-124.49324888874538,0.0,18,182.6841177154728,3,48.85625000000003,17.98846005078424,0,0,14.139146999241348
ukf,physical,mimo,True,18,18,0.030381649966154,0.03782698063942557,-20.262345218516618,0.0,18,182.6841170609944,3,48.85625000000003,17.988510446345742,0,0,14.16826599961496
ukf,neural,siso,False,18,18,0.09571840184841757,0.10317090436996304,-1602.747428586732,-1211.5290855185544,18,188.88893489103873,18,153.40000000000006,123.83311305308449,0,0,28.05340500026432
ukf,neural,siso,True,18,18,0.13575327612213753,0.14254695949174956,-1308.6796215438487,-1211.9640353779696,18,183.99048242045407,10,67.13125000000002,101.58795019565241,22,36,27.116394000586297
ukf,neural,mimo,False,18,18,0.030402315624580043,0.03785332997166061,-125.55162815912414,-0.8396741501453784,18,182.685465741688,3,48.85625000000003,17.99606932707049,0,0,57.28185999987545
ukf,neural,mimo,True,18,18,0.0304025181079775,0.03785367415186566,-21.220541529177257,-0.8368236338166406,18,182.68517887869157,3,48.85625000000003,17.99611818498954,0,0,55.947586499769386
ukf_tuned,physical,siso,False,18,18,0.022409872540767147,0.02985801540569168,0.0,16.414701863944547,18,183.7487920009813,18,153.2875000000001,93.720602040678,0,0,7.264101750024565
ukf_tuned,physical,siso,True,18,18,0.1065004729837789,0.11507247071117017,0.0,-224.7043336043613,18,169.2255581057838,9,21.28124999999999,61.272651416058594,88,94,7.23272800041741
ukf_tuned,physical,mimo,False,18,18,0.022479559035885447,0.02993663382357795,0.0,14.448065608095378,18,169.37882522591687,3,48.69375000000002,9.081401473295058,0,0,13.389517000177875
ukf_tuned,physical,mimo,True,18,18,0.02615904935295392,0.033616129130233166,0.0,7.450625553234959,18,169.30109331187091,3,40.468749999999936,8.245533229112098,12,19,13.776587250504235
ukf_tuned,neural,siso,False,18,18,0.08746693298843919,0.09493454212307618,-1332.7664329047573,-1198.279052240969,18,183.63415278860128,18,153.40000000000006,120.03831839445937,0,0,30.763700749957934
ukf_tuned,neural,siso,True,18,18,0.17060954437292175,0.1792072671000512,-1328.4537754440394,-1438.52197132135,18,169.19467887187196,10,20.987499999999994,87.45956923461954,86,90,29.479066749900085
ukf_tuned,neural,mimo,False,18,18,0.02248314173359266,0.029945628939354412,-0.7547595239095201,13.64197605558814,18,169.36897265813013,3,48.69375000000002,9.068920253264153,0,0,55.31144825044976
ukf_tuned,neural,mimo,True,18,18,0.026053963798511503,0.033516428461279245,-0.07549085162351706,6.846480705122013,18,169.32276112598063,3,40.293749999999946,8.060907246237445,9,15,55.79951624986279
lstm_ukf,physical,siso,False,18,18,0.023793798232543854,0.03124192722370374,-46.38337100038819,15.100475145340416,18,184.9369641980174,18,153.28750000000008,94.65766055941273,0,0,7.232641749851609
lstm_ukf,physical,siso,True,18,18,0.08666620449097935,0.09346403789711538,12.448424853769929,-155.7638043557542,18,173.44512001521895,10,62.7624999999999,63.73682042948816,44,45,7.242209250762244
lstm_ukf,physical,mimo,False,18,18,0.022300573129105158,0.029765377233551295,2.3030061097480345,14.446117385823722,18,172.2817081262233,3,48.8604166666667,10.82253938992518,0,0,13.933604499470675
lstm_ukf,physical,mimo,True,18,18,0.022300410879219464,0.029765202090607037,12.596355797851544,14.454700652827295,18,172.2816564638167,3,48.8604166666667,10.82251728973914,0,0,14.060514249649714
lstm_ukf,neural,siso,False,18,18,0.08875435337383258,0.09622326397385,-1373.816987005392,-1202.2950580834756,18,184.83522004817527,18,153.41250000000008,121.00888427561443,0,0,30.097157749423786
lstm_ukf,neural,siso,True,18,18,0.15672324852927316,0.1635262446299706,-1323.103671138125,-1377.293409647677,18,173.43610302946652,10,53.45208333333326,90.21894174198752,54,73,29.403542000181915
lstm_ukf,neural,mimo,False,18,18,0.022324072611703077,0.02979448162060177,1.3331043666614992,13.720860874864144,18,172.27454067374856,3,48.86458333333336,10.823479589168564,0,0,56.54568675072369
lstm_ukf,neural,mimo,True,18,18,0.022323989612561726,0.029794412554302502,11.767192591658965,13.72704232063774,18,172.2744416151882,3,48.86458333333336,10.82348450596655,0,0,56.60373649971007
nake,physical,siso,False,18,18,0.027290023719184733,0.03477878921592337,-116.46025226025904,-78.94309979082111,18,183.62454809071255,18,153.25833333333338,92.60705626520497,0,0,6.758531749255781
nake,physical,siso,True,18,18,0.09904034598602225,0.1058843368721341,-72.29316981702343,-259.9272231607722,18,173.57243290965394,10,45.208333333333286,61.16683400546838,56,63,6.856319750113471
nake,physical,mimo,False,18,18,0.02282319390527527,0.030328715629824983,-17.637258466098533,-6.813967260489361,18,172.31955036836595,3,48.85625000000003,10.075322621951143,0,0,14.345898499868781
nake,physical,mimo,True,18,18,0.02282147689818924,0.03032695342462236,-8.44173697984059,-6.80779240615812,18,172.31953113902523,3,48.85625000000003,10.027311261962671,0,0,14.170358500450675
nake,neural,siso,False,18,18,0.0586416059689229,0.066152521709853,-760.2119418523756,-659.5030244145893,18,183.49899242731811,18,153.3833333333334,105.07836342357147,0,0,28.593605749847484
nake,neural,siso,True,18,18,0.13081444296381045,0.13766384919437255,-706.5755840881632,-835.060944198981,18,173.56743275656788,9,41.17499999999996,73.75235299426907,59,77,27.36875325035726
nake,neural,mimo,False,18,18,0.02295888017689305,0.03047006650262124,-24.711495577288563,-14.029139951502115,18,172.32157890989043,3,48.85625000000003,10.11304406506645,0,0,57.59591125024599
nake,neural,mimo,True,18,18,0.022957136135482472,0.030468333794433405,-15.561781674369982,-14.022220112207654,18,172.32158156092902,3,48.85625000000003,10.0660229239629,0,0,56.41576149946559
lstm_nake,physical,siso,False,18,18,0.02754493789573166,0.035068791944591844,-120.23472543711557,-90.64559215350785,18,184.30137245627412,18,153.29166666666677,91.62043066182974,0,0,7.257233000473207
lstm_nake,physical,siso,True,18,18,0.09729319627294471,0.10415978322991447,-87.29743890779923,-269.67120022577643,18,172.27696847567455,10,45.68958333333329,59.98698064591102,52,53,7.069887750731141
lstm_nake,physical,mimo,False,18,18,0.022328851924759068,0.029846225141670193,-12.626389827105132,-6.12267111634039,18,171.45606346669072,3,48.86458333333336,10.011249932754213,0,0,14.020039250226546
lstm_nake,physical,mimo,True,18,18,0.022329639754577947,0.02984692095643141,-7.068567934054276,-6.120571827072588,18,171.45604134656506,3,48.86458333333336,9.982235830270943,0,0,14.04407450081635
lstm_nake,neural,siso,False,18,18,0.02655759588138976,0.03410287602728859,-101.647570749583,-78.15278599983714,18,184.1758370238718,18,153.38750000000007,93.55771017985006,0,0,29.85425650012985
lstm_nake,neural,siso,True,18,18,0.0962635492714341,0.10313623159866853,-67.35551250474354,-250.70343639248455,18,172.28499132911273,10,47.493749999999956,62.047394759545654,52,61,29.26059850005913
lstm_nake,neural,mimo,False,18,18,0.022477776907851747,0.030000677919650293,-20.048070789480978,-13.595723914459985,18,171.4576399609464,3,48.86458333333336,10.02414651273332,0,0,57.4290975000622
lstm_nake,neural,mimo,True,18,18,0.022478636704950584,0.030001504930873817,-14.464534905178109,-13.59516137984323,18,171.45761457871802,3,48.86458333333336,9.996002273916503,0,0,56.62790974974996
