estimator,prediction,mode,constrained,case,runs,complete,IAE_event_mean,IAE_event_std,Tmax_C,actual_violating_runs,violation_mean_min,fallbacks
ukf,physical,siso,False,servo_up,3,3,0.013030363691921463,0.0002195191883021322,175.8057898585679,3,262.6249999999997,0
ukf,physical,siso,False,servo_down,3,3,0.012310770338571655,0.0001648170995176049,165.82003385532988,3,15.375000000000002,0
ukf,physical,siso,False,benzene_50,3,3,0.0014529926469471603,0.0003388130817922987,182.2569349952153,3,308.8375000000004,0
ukf,physical,siso,False,recycle_minus50,3,3,0.005391799691680317,0.0005573242539644857,165.63999464428628,3,12.0,0
ukf,physical,siso,False,thermal_loss,3,3,0.052842441278172336,0.000672748520292053,188.91254020325061,3,308.53750000000036,0
ukf,physical,siso,False,kinetics_noise,3,3,0.10058366451986415,0.0014797528524104968,165.58356164830434,3,12.200000000000001,0
ukf,physical,siso,True,servo_up,3,3,0.1001562572096598,0.004803392727247447,165.41357130641214,3,68.54999999999997,6
ukf,physical,siso,True,servo_down,3,3,0.012310892479458756,0.00016469611304902244,165.0082971975166,1,0.37500000000000006,0
ukf,physical,siso,True,benzene_50,3,3,0.18983616495031938,0.00264341782549527,165.47174803769144,3,41.47500000000002,14
ukf,physical,siso,True,recycle_minus50,3,3,0.0053920277578971415,0.0005572851928301543,164.7379563172089,0,0.0,0
ukf,physical,siso,True,thermal_loss,3,3,0.01365701584886315,0.000666714548293856,183.99725671332695,3,296.41250000000025,0
ukf,physical,siso,True,kinetics_noise,3,3,0.10058375459081052,0.0014797749305568966,164.61852151343248,0,0.0,0
ukf,physical,mimo,False,servo_up,3,3,0.013219800688330277,0.0002841537738124353,161.59471061367037,0,0.0,0
ukf,physical,mimo,False,servo_down,3,3,0.012410093866359127,0.0001722166372226652,161.5723696659053,0,0.0,0
ukf,physical,mimo,False,benzene_50,3,3,0.0014298075149548632,0.0002976474558308105,161.5686800020696,0,0.0,0
ukf,physical,mimo,False,recycle_minus50,3,3,0.001727573064459164,5.9790807249652013e-05,161.37403373468314,0,0.0,0
ukf,physical,mimo,False,thermal_loss,3,3,0.05284347066734411,0.000654332489067154,182.6841177154728,3,293.1375000000002,0
ukf,physical,mimo,False,kinetics_noise,3,3,0.10065800780735708,0.0014803981337600267,162.76496453798674,0,0.0,0
ukf,physical,mimo,True,servo_up,3,3,0.013220133471316071,0.00028467105195532905,161.59476898034225,0,0.0,0
ukf,physical,mimo,True,servo_down,3,3,0.012410173120050653,0.0001719781362929036,161.57240545013192,0,0.0,0
ukf,physical,mimo,True,benzene_50,3,3,0.0014299266783294323,0.00029772452577576973,161.56861773492426,0,0.0,0
ukf,physical,mimo,True,recycle_minus50,3,3,0.001727819279541707,5.9784510587389746e-05,161.37429729013752,0,0.0,0
ukf,physical,mimo,True,thermal_loss,3,3,0.05284373567220443,0.0006540630468724011,182.6841170609944,3,293.1375000000002,0
ukf,physical,mimo,True,kinetics_noise,3,3,0.10065811157548173,0.0014803435232137062,162.76514943852462,0,0.0,0
ukf,neural,siso,False,servo_up,3,3,0.013039945282195825,0.00028442964911389664,175.78951833821392,3,262.6749999999997,0
ukf,neural,siso,False,servo_down,3,3,0.01230628003905765,0.0001490462272699998,165.82854897298122,3,15.450000000000001,0
ukf,neural,siso,False,benzene_50,3,3,0.0014531185757949295,0.00042380744881733074,182.2000600398348,3,309.0875000000004,0
ukf,neural,siso,False,recycle_minus50,3,3,0.39421883296238436,0.008619948458377467,165.64808328889848,3,12.175000000000002,0
ukf,neural,siso,False,thermal_loss,3,3,0.052703909144817575,0.0006712377339127522,188.88893489103873,3,308.6875000000004,0
ukf,neural,siso,False,kinetics_noise,3,3,0.10058832508625508,0.0014786303210244248,165.58959134846768,3,12.324999999999998,0
ukf,neural,siso,True,servo_up,3,3,0.09929683615883349,0.0049842479717972146,165.41121211314362,3,73.97499999999992,5
ukf,neural,siso,True,servo_down,3,3,0.01230635576618913,0.00014894776616619401,165.00444445181387,1,0.27499999999999997,0
ukf,neural,siso,True,benzene_50,3,3,0.194478750236208,0.000593316417805675,165.3209725002707,3,32.55000000000001,17
ukf,neural,siso,True,recycle_minus50,3,3,0.3942187050454489,0.008620139999490033,164.7215888128306,0,0.0,0
ukf,neural,siso,True,thermal_loss,3,3,0.01363053539434649,0.0006689835301380141,183.99048242045407,3,295.9875000000002,0
ukf,neural,siso,True,kinetics_noise,3,3,0.10058847413179918,0.0014786243140635508,164.61072306761108,0,0.0,0
ukf,neural,mimo,False,servo_up,3,3,0.01325285684403591,0.000207121012266352,161.5950371989961,0,0.0,0
ukf,neural,mimo,False,servo_down,3,3,0.012404478703459773,0.00011510236123383646,161.5563758033788,0,0.0,0
ukf,neural,mimo,False,benzene_50,3,3,0.0015046060071704289,0.0002276411549410697,161.56871067291968,0,0.0,0
ukf,neural,mimo,False,recycle_minus50,3,3,0.0017004506768050571,0.00017663332708119222,161.34919161616108,0,0.0,0
ukf,neural,mimo,False,thermal_loss,3,3,0.05289304844652385,0.0006544829361159833,182.685465741688,3,293.1375000000002,0
ukf,neural,mimo,False,kinetics_noise,3,3,0.10065845306948523,0.0014799313450274973,162.76492114510836,0,0.0,0
ukf,neural,mimo,True,servo_up,3,3,0.013253224144759846,0.0002076499076032127,161.59504752135857,0,0.0,0
ukf,neural,mimo,True,servo_down,3,3,0.012404683255771043,0.00011498051244635808,161.5564212547549,0,0.0,0
ukf,neural,mimo,True,benzene_50,3,3,0.0015044763227130473,0.0002276740820233659,161.56864709061938,0,0.0,0
ukf,neural,mimo,True,recycle_minus50,3,3,0.0017006839895996352,0.00017684525456577457,161.34918354634019,0,0.0,0
ukf,neural,mimo,True,thermal_loss,3,3,0.052893517921702465,0.000654356791486226,182.68517887869157,3,293.1375000000002,0
ukf,neural,mimo,True,kinetics_noise,3,3,0.10065852301331897,0.001480319105851244,162.76487082896386,0,0.0,0
ukf_tuned,physical,siso,False,servo_up,3,3,0.012559116501223114,0.00022197620489175144,175.78546256506266,3,262.2499999999997,0
ukf_tuned,physical,siso,False,servo_down,3,3,0.012505285780131145,0.0001789550090654574,165.798588288547,3,15.5,0
ukf_tuned,physical,siso,False,benzene_50,3,3,0.0015189534388094764,0.0002952862955083308,182.34236438375277,3,308.76250000000044,0
ukf_tuned,physical,siso,False,recycle_minus50,3,3,0.004921105911968604,0.00039065221452839826,165.65487057996484,3,12.325000000000001,0
ukf_tuned,physical,siso,False,thermal_loss,3,3,0.003069570666932926,0.00041306196633165434,183.7487920009813,3,308.0875000000004,0
ukf_tuned,physical,siso,False,kinetics_noise,3,3,0.09988520294553764,0.0016028818032798925,165.57676023691292,3,12.799999999999999,0
ukf_tuned,physical,siso,True,servo_up,3,3,0.12582403239759613,0.0006545727495031419,165.89793424606353,3,18.575000000000003,17
ukf_tuned,physical,siso,True,servo_down,3,3,0.012505038549562225,0.00017848130627102943,164.874405215927,0,0.0,2
ukf_tuned,physical,siso,True,benzene_50,3,3,0.20215843398639569,0.0013833855955246196,165.32448228902524,3,19.337500000000006,22
ukf_tuned,physical,siso,True,recycle_minus50,3,3,0.004921110008047465,0.0003906586830859333,164.7061171823316,0,0.0,2
ukf_tuned,physical,siso,True,thermal_loss,3,3,0.1937098492944166,0.0011709692550705326,169.2255581057838,3,89.77499999999993,44
ukf_tuned,physical,siso,True,kinetics_noise,3,3,0.09988437366665544,0.001602914202942536,164.68323692155246,0,0.0,1
ukf_tuned,physical,mimo,False,servo_up,3,3,0.012808384564422142,0.00028189121834958466,162.0513262541947,0,0.0,0
ukf_tuned,physical,mimo,False,servo_down,3,3,0.01252360570640551,0.0001841365911956581,162.0809720460909,0,0.0,0
ukf_tuned,physical,mimo,False,benzene_50,3,3,0.0014592223369965327,0.00029382451430671477,161.98628139468443,0,0.0,0
ukf_tuned,physical,mimo,False,recycle_minus50,3,3,0.0017571585816340961,0.00016316852575477155,162.03581143878836,0,0.0,0
ukf_tuned,physical,mimo,False,thermal_loss,3,3,0.00630283359075617,0.0006250995331837203,169.37882522591687,3,292.16250000000014,0
ukf_tuned,physical,mimo,False,kinetics_noise,3,3,0.10002614943509823,0.0016000624696134453,163.25106247638092,0,0.0,0
ukf_tuned,physical,mimo,True,servo_up,3,3,0.01280835851933023,0.00028197628394652533,162.051181063474,0,0.0,0
ukf_tuned,physical,mimo,True,servo_down,3,3,0.012523620885615788,0.00018422796070855307,162.0810642467114,0,0.0,0
ukf_tuned,physical,mimo,True,benzene_50,3,3,0.0014591443841886168,0.00029373766894418035,161.9862452079749,0,0.0,0
ukf_tuned,physical,mimo,True,recycle_minus50,3,3,0.0017570914037543974,0.0001631853127421583,162.03583601852972,0,0.0,0
ukf_tuned,physical,mimo,True,thermal_loss,3,3,0.028380005912734138,0.01202207125771221,169.30109331187091,3,242.81249999999963,12
ukf_tuned,physical,mimo,True,kinetics_noise,3,3,0.10002607501210035,0.0016005160785325981,163.250553446183,0,0.0,0
ukf_tuned,neural,siso,False,servo_up,3,3,0.012569315593019992,0.00024820993673587224,175.7766603652971,3,262.2999999999997,0
ukf_tuned,neural,siso,False,servo_down,3,3,0.012505967846520943,0.00017365481691962423,165.8068576363671,3,15.575000000000001,0
ukf_tuned,neural,siso,False,benzene_50,3,3,0.0015281181590245118,0.00035270831050675564,182.28522164399266,3,308.9625000000004,0
ukf_tuned,neural,siso,False,recycle_minus50,3,3,0.3945449193687518,0.006892324814201117,165.66312260572207,3,12.425000000000002,0
ukf_tuned,neural,siso,False,thermal_loss,3,3,0.0037597035953642367,0.0006257661008236936,183.63415278860128,3,308.18750000000034,0
ukf_tuned,neural,siso,False,kinetics_noise,3,3,0.09989357336795357,0.0015996966694281323,165.58288859667772,3,12.950000000000001,0
ukf_tuned,neural,siso,True,servo_up,3,3,0.12132258363475805,0.002782066310915274,165.8057691890307,3,18.875000000000004,15
ukf_tuned,neural,siso,True,servo_down,3,3,0.012505588652495972,0.00017292634725742196,165.00196582612557,1,0.09999999999999999,2
ukf_tuned,neural,siso,True,benzene_50,3,3,0.20148597778667768,0.001999136747635506,165.3202643362865,3,17.600000000000005,22
ukf_tuned,neural,siso,True,recycle_minus50,3,3,0.3945455430503538,0.00689284656775339,164.70732307573434,0,0.0,2
ukf_tuned,neural,siso,True,thermal_loss,3,3,0.19390484075662318,0.0011575362853702422,169.19467887187196,3,89.34999999999995,44
ukf_tuned,neural,siso,True,kinetics_noise,3,3,0.09989273235662181,0.0015998090868181813,164.68367599303429,0,0.0,1
ukf_tuned,neural,mimo,False,servo_up,3,3,0.012841453934664881,0.00024031100122114653,162.05015787421613,0,0.0,0
ukf_tuned,neural,mimo,False,servo_down,3,3,0.012513138466068418,0.00014160042036327796,162.0665237183536,0,0.0,0
ukf_tuned,neural,mimo,False,benzene_50,3,3,0.0015150599713345597,0.00023692424710777915,161.97934574243797,0,0.0,0
ukf_tuned,neural,mimo,False,recycle_minus50,3,3,0.0017554583659000382,5.584083491595287e-05,162.0345490983326,0,0.0,0
ukf_tuned,neural,mimo,False,thermal_loss,3,3,0.0062462199805236665,0.0006272399328810186,169.36897265813013,3,292.16250000000014,0
ukf_tuned,neural,mimo,False,kinetics_noise,3,3,0.1000275196830644,0.0015997618011629935,163.2498943571192,0,0.0,0
ukf_tuned,neural,mimo,True,servo_up,3,3,0.012841395940841006,0.0002404080263017208,162.05010376848847,0,0.0,0
ukf_tuned,neural,mimo,True,servo_down,3,3,0.012513224489196334,0.00014166815728686215,162.0665766328998,0,0.0,0
ukf_tuned,neural,mimo,True,benzene_50,3,3,0.001514905870048418,0.00023691372353188068,161.9792643019136,0,0.0,0
ukf_tuned,neural,mimo,True,recycle_minus50,3,3,0.0017553402829565432,5.579714770711403e-05,162.0345345070206,0,0.0,0
ukf_tuned,neural,mimo,True,thermal_loss,3,3,0.02767159632772549,0.013153089967757431,169.32276112598063,3,241.76249999999968,9
ukf_tuned,neural,mimo,True,kinetics_noise,3,3,0.10002731988030122,0.001599908697968789,163.25028626945908,0,0.0,0
lstm_ukf,physical,siso,False,servo_up,3,3,0.012613518110808747,0.00020265320024987876,175.7823138943593,3,262.4749999999997,0
lstm_ukf,physical,siso,False,servo_down,3,3,0.012462938519418742,0.00016472701751693277,165.81268100949293,3,15.4,0
lstm_ukf,physical,siso,False,benzene_50,3,3,0.0014599340774297386,0.0003067698617995096,182.34024062179392,3,308.91250000000036,0
lstm_ukf,physical,siso,False,recycle_minus50,3,3,0.004723511187190114,0.00034571166513185466,165.64888868080632,3,12.15,0
lstm_ukf,physical,siso,False,thermal_loss,3,3,0.011595018507847138,0.0005022011147211995,184.9369641980174,3,308.3375000000004,0
lstm_ukf,physical,siso,False,kinetics_noise,3,3,0.09990786899256865,0.00160199476705767,165.57940975498218,3,12.450000000000001,0
lstm_ukf,physical,siso,True,servo_up,3,3,0.09035657319286744,0.004251699711592147,165.61280611948223,3,71.39999999999999,2
lstm_ukf,physical,siso,True,servo_down,3,3,0.01246283010366097,0.00016464348852320154,165.03072299197066,1,0.4000000000000001,0
lstm_ukf,physical,siso,True,benzene_50,3,3,0.16717494011714298,0.004189603888021238,165.57092709071992,3,79.44999999999999,5
lstm_ukf,physical,siso,True,recycle_minus50,3,3,0.0047235490504459856,0.00034562027920186826,164.75643162869684,0,0.0,0
lstm_ukf,physical,siso,True,thermal_loss,3,3,0.1453709318088605,0.0009896575995664665,173.44512001521895,3,225.32499999999948,37
lstm_ukf,physical,siso,True,kinetics_noise,3,3,0.09990840267289826,0.0016021020646725071,164.65515403885715,0,0.0,0
lstm_ukf,physical,mimo,False,servo_up,3,3,0.012785153965703075,0.0002456008139411408,161.68168964724487,0,0.0,0
lstm_ukf,physical,mimo,False,servo_down,3,3,0.01250784092001035,0.00018069316664491323,161.7302820911651,0,0.0,0
lstm_ukf,physical,mimo,False,benzene_50,3,3,0.0014336430011200503,0.00029438508741823154,161.61508442102058,0,0.0,0
lstm_ukf,physical,mimo,False,recycle_minus50,3,3,0.0018270479170318023,0.00016863102634663866,161.45150238337774,0,0.0,0
lstm_ukf,physical,mimo,False,thermal_loss,3,3,0.0052205371039065135,0.00043650470497393453,172.2817081262233,3,293.1625000000002,0
lstm_ukf,physical,mimo,False,kinetics_noise,3,3,0.10002921586685916,0.001589876407335616,163.01085057939713,0,0.0,0
lstm_ukf,physical,mimo,True,servo_up,3,3,0.012785039850387273,0.00024563597917378005,161.68164851055388,0,0.0,0
lstm_ukf,physical,mimo,True,servo_down,3,3,0.012507610766046872,0.00018061788144695557,161.73026722786895,0,0.0,0
lstm_ukf,physical,mimo,True,benzene_50,3,3,0.001433474362405229,0.00029437415388508894,161.61509141756306,0,0.0,0
lstm_ukf,physical,mimo,True,recycle_minus50,3,3,0.001826896143867147,0.00016844347612199432,161.45159604044616,0,0.0,0
lstm_ukf,physical,mimo,True,thermal_loss,3,3,0.0052206342149157215,0.0004366847928094918,172.2816564638167,3,293.1625000000002,0
lstm_ukf,physical,mimo,True,kinetics_noise,3,3,0.10002880993769457,0.0015900630307439777,163.0108515010709,0,0.0,0
lstm_ukf,neural,siso,False,servo_up,3,3,0.012613024767610455,0.0002454203519165138,175.76585125433056,3,262.5499999999997,0
lstm_ukf,neural,siso,False,servo_down,3,3,0.012458732916149988,0.0001582574447107052,165.8211754851189,3,15.5,0
lstm_ukf,neural,siso,False,benzene_50,3,3,0.0014561799400108183,0.00036539055968352256,182.28320418320706,3,309.1125000000004,0
lstm_ukf,neural,siso,False,recycle_minus50,3,3,0.39537957533926665,0.006493746756003928,165.6570391532019,3,12.275,0
lstm_ukf,neural,siso,False,thermal_loss,3,3,0.010703502213915847,0.0005026311905694577,184.83522004817527,3,308.4375000000004,0
lstm_ukf,neural,siso,False,kinetics_noise,3,3,0.09991510506604179,0.001599527354202256,165.585488609223,3,12.600000000000001,0
lstm_ukf,neural,siso,True,servo_up,3,3,0.10245208320991418,0.0005622272110906739,165.4885396523304,3,44.15000000000003,6
lstm_ukf,neural,siso,True,servo_down,3,3,0.012458652126626476,0.00015812766269141074,165.0142268069371,1,0.3,0
lstm_ukf,neural,siso,True,benzene_50,3,3,0.18458285527434795,0.004222825606105241,165.44320896733416,3,51.637500000000024,11
lstm_ukf,neural,siso,True,recycle_minus50,3,3,0.3953794489432247,0.006493824762341458,164.74039730440563,0,0.0,0
lstm_ukf,neural,siso,True,thermal_loss,3,3,0.14555070860321895,0.0009888577740068964,173.43610302946652,3,224.62499999999952,37
lstm_ukf,neural,siso,True,kinetics_noise,3,3,0.0999157430183066,0.0015996834149891153,164.64830627882537,0,0.0,0
lstm_ukf,neural,mimo,False,servo_up,3,3,0.012825082226224367,0.00021534112867337108,161.65029025217362,0,0.0,0
lstm_ukf,neural,mimo,False,servo_down,3,3,0.012489387899629207,0.00014724933481975863,161.72982042486151,0,0.0,0
lstm_ukf,neural,mimo,False,benzene_50,3,3,0.0014874388884018985,0.00024728458147186053,161.5673237644925,0,0.0,0
lstm_ukf,neural,mimo,False,recycle_minus50,3,3,0.0018183791463721435,0.00010055425726242715,161.42404572469187,0,0.0,0
lstm_ukf,neural,mimo,False,thermal_loss,3,3,0.0052930471615305905,0.000436780651219791,172.27454067374856,3,293.18750000000017,0
lstm_ukf,neural,mimo,False,kinetics_noise,3,3,0.10003110034806027,0.0015892303939591711,163.01109878048993,0,0.0,0
lstm_ukf,neural,mimo,True,servo_up,3,3,0.012825176109281591,0.00021544957982684132,161.65015415106822,0,0.0,0
lstm_ukf,neural,mimo,True,servo_down,3,3,0.012489155220437463,0.00014739107499821643,161.72982190405654,0,0.0,0
lstm_ukf,neural,mimo,True,benzene_50,3,3,0.0014873697392386975,0.0002472808358377687,161.5671586071025,0,0.0,0
lstm_ukf,neural,mimo,True,recycle_minus50,3,3,0.0018183216689388612,0.00010034146287860339,161.42398575651424,0,0.0,0
lstm_ukf,neural,mimo,True,thermal_loss,3,3,0.005293053044656225,0.00043675928568619654,172.2744416151882,3,293.18750000000017,0
lstm_ukf,neural,mimo,True,kinetics_noise,3,3,0.10003086189281751,0.0015892525178864008,163.01108243417664,0,0.0,0
nake,physical,siso,False,servo_up,3,3,0.013051457638085517,0.0005623697206145262,175.6693574175547,3,262.2749999999998,0
nake,physical,siso,False,servo_down,3,3,0.012650360182393156,0.00013490236199137126,165.8263581891385,3,15.475,0
nake,physical,siso,False,benzene_50,3,3,0.003243949297754087,0.0003950947577982339,181.88141718329325,3,309.1875000000004,0
nake,physical,siso,False,recycle_minus50,3,3,0.02812980796304379,0.0016763835982452997,165.6590477484361,3,12.075000000000001,0
nake,physical,siso,False,thermal_loss,3,3,0.006135453781419986,0.00047441611189213766,183.62454809071255,3,308.4125000000004,0
nake,physical,siso,False,kinetics_noise,3,3,0.10052911345241188,0.0015204415222144284,165.57078390251164,3,12.125,0
nake,physical,siso,True,servo_up,3,3,0.09651968323111715,0.011837444990166434,165.34926532494234,3,65.82499999999995,4
nake,physical,siso,True,servo_down,3,3,0.012650300132260824,0.00013494007071064072,165.00126988438564,1,0.15,0
nake,physical,siso,True,benzene_50,3,3,0.1886166533370949,0.006760109382437208,165.25539634490556,3,47.02500000000003,13
nake,physical,siso,True,recycle_minus50,3,3,0.028129690433976895,0.0016764048500677092,164.72420601266734,0,0.0,0
nake,physical,siso,True,thermal_loss,3,3,0.16779642026916305,0.0013326984140663916,173.57243290965394,3,158.24999999999974,39
nake,physical,siso,True,kinetics_noise,3,3,0.10052932851252071,0.0015204349399461602,164.6133612330654,0,0.0,0
nake,physical,mimo,False,servo_up,3,3,0.013473476883653607,0.0005412595755906324,161.59522198609187,0,0.0,0
nake,physical,mimo,False,servo_down,3,3,0.013147744394012353,0.0001455446487089266,161.55924006508653,0,0.0,0
nake,physical,mimo,False,benzene_50,3,3,0.0020617163333567132,0.00012211562538905703,161.56413470219798,0,0.0,0
nake,physical,mimo,False,recycle_minus50,3,3,0.0030010306357804903,0.0003153341648915549,161.28147079883325,0,0.0,0
nake,physical,mimo,False,thermal_loss,3,3,0.0046582367319250055,0.0003559981420264174,172.31955036836595,3,293.1375000000002,0
nake,physical,mimo,False,kinetics_noise,3,3,0.10059695845292342,0.0015130359468039595,162.78088146467522,0,0.0,0
nake,physical,mimo,True,servo_up,3,3,0.013473776098860676,0.0005414947255071531,161.59543439378416,0,0.0,0
nake,physical,mimo,True,servo_down,3,3,0.013147913901382919,0.00014598164351879077,161.5591272845763,0,0.0,0
nake,physical,mimo,True,benzene_50,3,3,0.0020617626045261934,0.00012210768912142422,161.5642482839985,0,0.0,0
nake,physical,mimo,True,recycle_minus50,3,3,0.003001297966465444,0.0003150861355628478,161.2819580040753,0,0.0,0
nake,physical,mimo,True,thermal_loss,3,3,0.004646983343019221,0.0003382829192527548,172.31953113902523,3,293.1375000000002,0
nake,physical,mimo,True,kinetics_noise,3,3,0.10059712747488099,0.0015134519445185993,162.78118531112676,0,0.0,0
nake,neural,siso,False,servo_up,3,3,0.013107456461268013,0.0006130995348537983,175.653258380094,3,262.34999999999974,0
nake,neural,siso,False,servo_down,3,3,0.012682401236616266,0.00014051747656396098,165.83481282596415,3,15.575000000000001,0
nake,neural,siso,False,benzene_50,3,3,0.003730077839084335,0.0003310676360639433,181.81856832622452,3,309.4125000000004,0
nake,neural,siso,False,recycle_minus50,3,3,0.21491750648598906,0.045321294906320274,165.66710678927922,3,12.200000000000001,0
nake,neural,siso,False,thermal_loss,3,3,0.006878323829752816,0.0005488274563467022,183.49899242731811,3,308.5625000000004,0
nake,neural,siso,False,kinetics_noise,3,3,0.10053386996082687,0.001518992571869115,165.57682638996562,3,12.200000000000001,0
nake,neural,siso,True,servo_up,3,3,0.09647243511787584,0.0039975533357784485,165.34522229480612,3,57.975,4
nake,neural,siso,True,servo_down,3,3,0.01268221858926027,0.00014061718630556982,164.99616240714542,0,0.0,0
nake,neural,siso,True,benzene_50,3,3,0.19200349406509432,0.0015572318195677497,165.46257100604217,3,31.52500000000001,15
nake,neural,siso,True,recycle_minus50,3,3,0.21492305547531274,0.04531544252294943,164.70784703531876,0,0.0,0
nake,neural,siso,True,thermal_loss,3,3,0.16827119923324677,0.0015858297929439726,173.56743275656788,3,157.54999999999976,40
nake,neural,siso,True,kinetics_noise,3,3,0.10053425530207262,0.0015189168425611124,164.60189879790687,0,0.0,0
nake,neural,mimo,False,servo_up,3,3,0.013557240057345876,0.0005962808680608561,161.59558699004333,0,0.0,0
nake,neural,mimo,False,servo_down,3,3,0.013265614557158618,0.00016044937524033483,161.5434121870733,0,0.0,0
nake,neural,mimo,False,benzene_50,3,3,0.0023382854126390005,0.00015841961496082088,161.564045385253,0,0.0,0
nake,neural,mimo,False,recycle_minus50,3,3,0.003359167575821715,0.00033620195097068344,161.2554100245175,0,0.0,0
nake,neural,mimo,False,thermal_loss,3,3,0.004635316135369977,0.0003457118793412563,172.32157890989043,3,293.1375000000002,0
nake,neural,mimo,False,kinetics_noise,3,3,0.1005976573230231,0.0015125470677207007,162.78223712385142,0,0.0,0
nake,neural,mimo,True,servo_up,3,3,0.013557436815110976,0.0005962827205655839,161.59579745564434,0,0.0,0
nake,neural,mimo,True,servo_down,3,3,0.013265823201653237,0.000160505668750405,161.543377122023,0,0.0,0
nake,neural,mimo,True,benzene_50,3,3,0.0023384254004610062,0.0001585015466486226,161.5643747791765,0,0.0,0
nake,neural,mimo,True,recycle_minus50,3,3,0.003359316200811219,0.00033623854767909315,161.25544693733713,0,0.0,0
nake,neural,mimo,True,thermal_loss,3,3,0.004624110716966018,0.0003278340488618146,172.32158156092902,3,293.1375000000002,0
nake,neural,mimo,True,kinetics_noise,3,3,0.10059770447789239,0.001512703133988778,162.78259738840666,0,0.0,0
lstm_nake,physical,siso,False,servo_up,3,3,0.0126149858475167,0.0003548344567411881,175.71364641047273,3,262.1749999999997,0
lstm_nake,physical,siso,False,servo_down,3,3,0.012707182121627442,0.00011819705176429562,165.81933754005317,3,15.549999999999999,0
lstm_nake,physical,siso,False,benzene_50,3,3,0.0031073418465209085,0.00040574811593047517,181.97533433771432,3,309.26250000000044,0
lstm_nake,physical,siso,False,recycle_minus50,3,3,0.03288307626502102,0.0008141056859555429,165.67360829058998,3,12.200000000000001,0
lstm_nake,physical,siso,False,thermal_loss,3,3,0.004147947733028081,0.00047079263522786704,184.30137245627412,3,308.1875000000004,0
lstm_nake,physical,siso,False,kinetics_noise,3,3,0.0998090935606758,0.0015741036786832306,165.56424077915406,3,12.375000000000002,0
lstm_nake,physical,siso,True,servo_up,3,3,0.09634831793838694,0.008470553408603847,165.57520982661617,3,57.550000000000004,4
lstm_nake,physical,siso,True,servo_down,3,3,0.01270688582391056,0.00011787969455360861,165.0249743965109,1,0.4000000000000001,0
lstm_nake,physical,siso,True,benzene_50,3,3,0.17734621567402953,0.004263632167055165,165.54926126848386,3,51.31249999999999,9
lstm_nake,physical,siso,True,recycle_minus50,3,3,0.032883105238235046,0.0008140450201087751,164.74952036685312,0,0.0,0
lstm_nake,physical,siso,True,thermal_loss,3,3,0.16466501222736873,0.0007641109474078049,172.27696847567455,3,164.87499999999974,39
lstm_nake,physical,siso,True,kinetics_noise,3,3,0.09980964073573755,0.0015742591495411168,164.66160050674995,0,0.0,0
lstm_nake,physical,mimo,False,servo_up,3,3,0.013251333140827335,0.00046080742895349396,161.6370334688683,0,0.0,0
lstm_nake,physical,mimo,False,servo_down,3,3,0.012963766796493225,0.00017335153004389254,161.69575343423364,0,0.0,0
lstm_nake,physical,mimo,False,benzene_50,3,3,0.002308245003170296,0.00015908190245617768,161.5597661067937,0,0.0,0
lstm_nake,physical,mimo,False,recycle_minus50,3,3,0.0027241924024996723,0.0003077337569840014,161.42079529672895,0,0.0,0
lstm_nake,physical,mimo,False,thermal_loss,3,3,0.0028202439041467527,7.636946235724528e-05,171.45606346669072,3,293.18750000000017,0
lstm_nake,physical,mimo,False,kinetics_noise,3,3,0.09990533030141713,0.0015669624790036242,162.98251142433344,0,0.0,0
lstm_nake,physical,mimo,True,servo_up,3,3,0.013251285874406658,0.00046099953573534034,161.6369493216411,0,0.0,0
lstm_nake,physical,mimo,True,servo_down,3,3,0.01296389334939372,0.00017354240886890117,161.6959546276965,0,0.0,0
lstm_nake,physical,mimo,True,benzene_50,3,3,0.0023082820188668972,0.00015920291915834416,161.55967011818774,0,0.0,0
lstm_nake,physical,mimo,True,recycle_minus50,3,3,0.0027243705017662386,0.00030800998646200316,161.42078655124038,0,0.0,0
lstm_nake,physical,mimo,True,thermal_loss,3,3,0.002824812282104187,8.9201797627925e-05,171.45604134656506,3,293.18750000000017,0
lstm_nake,physical,mimo,True,kinetics_noise,3,3,0.09990519450092998,0.0015666732412180548,162.9825162481356,0,0.0,0
lstm_nake,neural,siso,False,servo_up,3,3,0.012654400121024001,0.0003869842554442084,175.69755047745227,3,262.27499999999975,0
lstm_nake,neural,siso,False,servo_down,3,3,0.012731222355756952,0.000116559257016504,165.8277658457988,3,15.625,0
lstm_nake,neural,siso,False,benzene_50,3,3,0.0035857843470469435,0.00038871075244321,181.91340576088288,3,309.3625000000004,0
lstm_nake,neural,siso,False,recycle_minus50,3,3,0.027179804982349395,0.002197396872911177,165.68164974584374,3,12.275,0
lstm_nake,neural,siso,False,thermal_loss,3,3,0.003378103414091352,0.000321585069098358,184.1758370238718,3,308.28750000000036,0
lstm_nake,neural,siso,False,kinetics_noise,3,3,0.09981626006806991,0.0015721787074832142,165.57032878797102,3,12.5,0
lstm_nake,neural,siso,True,servo_up,3,3,0.09358510699852507,0.007361163629815995,165.45174546485524,3,65.375,3
lstm_nake,neural,siso,True,servo_down,3,3,0.012730935540626378,0.00011636216238614306,165.00893357746796,1,0.25,0
lstm_nake,neural,siso,True,benzene_50,3,3,0.18013993790805904,0.0010849700436926018,165.55895894139326,3,53.62500000000003,11
lstm_nake,neural,siso,True,recycle_minus50,3,3,0.027179836251499046,0.002197317074247691,164.73391239512253,0,0.0,0
lstm_nake,neural,siso,True,thermal_loss,3,3,0.16412848610129013,0.0017240984598264125,172.28499132911273,3,165.71249999999972,38
lstm_nake,neural,siso,True,kinetics_noise,3,3,0.09981699282860486,0.0015722954475906321,164.6548946652136,0,0.0,0
lstm_nake,neural,mimo,False,servo_up,3,3,0.013386444774576275,0.00047262029560040454,161.6049274331441,0,0.0,0
lstm_nake,neural,mimo,False,servo_down,3,3,0.013050143729892343,0.0002044998832476078,161.69543563106186,0,0.0,0
lstm_nake,neural,mimo,False,benzene_50,3,3,0.002605020748501247,0.00020035408053400394,161.52519267814432,0,0.0,0
lstm_nake,neural,mimo,False,recycle_minus50,3,3,0.003083140531186562,0.00033198424116182853,161.39188012063914,0,0.0,0
lstm_nake,neural,mimo,False,thermal_loss,3,3,0.002834519892533136,9.916326152744374e-05,171.4576399609464,3,293.18750000000017,0
lstm_nake,neural,mimo,False,kinetics_noise,3,3,0.09990739177042092,0.001566308124687872,162.98323285202972,0,0.0,0
lstm_nake,neural,mimo,True,servo_up,3,3,0.01338631886072949,0.00047263942598405864,161.60485075346247,0,0.0,0
lstm_nake,neural,mimo,True,servo_down,3,3,0.01305026975373036,0.00020460970336262248,161.6955850724761,0,0.0,0
lstm_nake,neural,mimo,True,benzene_50,3,3,0.0026052533892417015,0.00020048805442446252,161.52506772515153,0,0.0,0
lstm_nake,neural,mimo,True,recycle_minus50,3,3,0.0030833297017124387,0.0003321586964195643,161.39190126440576,0,0.0,0
lstm_nake,neural,mimo,True,thermal_loss,3,3,0.0028397079385765593,0.00011210710012497189,171.45761457871802,3,293.18750000000017,0
lstm_nake,neural,mimo,True,kinetics_noise,3,3,0.09990694058571296,0.0015664526961672,162.98324959171583,0,0.0,0
