case,configuration,constrained,seed,margin_K,completed,stop_reason,completed_h,steps,IAE,ISE,ITAE,ITSE,post_event_IAE,max_tracking_deviation_pct,steady_CC_error,CC_estimation_RMSE,state_estimation_RMSE,CC_coverage95,NEES_mean,NIS_mean,T_max,thermal_violation_K,time_above344_h,thermal_violation_integral_Kh,mw_min,mw_max,coolant_total_kmol,control_TV_kmol_h,normalized_control_effort,solver_failure_count,fallback_count,estimator_covariance_repairs,solver_latency_median_ms,solver_latency_p95_ms,estimator_latency_median_ms,adaptive_Q_factor_max,wall_seconds
startup,neural_nake,True,8001,4.0,True,,3.0,200,1.2283500469015156,1.8726038339593978,0.6019458745676304,0.4947845255861114,1.2283500469015156,98.2024591485325,-0.037943871997759816,0.04171335825141051,[0.0422067  0.05625695 0.04171336 0.01118328 1.28857167 0.66472961],0.945,17877.89812697741,1.8538106956130718,340.04498243376537,0.0,0.0,0.0,22.7,1366.2,1633.2168564427643,8541.539404731182,33.555805916537125,19,19,0,19.91562349985543,60.37276965025738,1.5483295001104125,1.1755366472980382,5.801124268999956
startup,neural_nake,True,8002,4.0,True,,3.0,200,1.120577035796232,1.72804317234413,0.4641384644912698,0.4089129576594063,1.120577035796232,98.2581287992047,-0.01582973527413991,0.04350748707920117,[0.04462371 0.05470852 0.04350749 0.00843309 1.34249116 0.59828855],0.995,18490.028466986125,1.8437932532661245,340.24664668472207,0.0,0.0,0.0,22.7,1366.2,1666.8577911306083,8068.803637642474,31.817296474099724,20,20,0,21.45255300001736,55.137684999908636,1.587032999850635,1.2167551498010527,5.688927201999832
startup,neural_nake,True,8003,4.0,True,,3.0,200,0.8326488017739442,1.195919563559119,0.36552221451492606,0.2065633586768858,0.8326488017739442,98.17360043550194,-0.01852089145341663,0.04254392256665204,[0.04011495 0.06269588 0.04254392 0.0097387  1.19667088 0.63827647],0.915,20596.208373462818,1.7913110048054484,335.89834183112646,0.0,0.0,0.0,22.7,1366.2,1459.0170298558508,4840.293367477511,13.541206370635239,7,7,0,20.14251550008339,28.800671599674384,1.6870380000000296,1.1402049904680123,5.229095906999646
startup,neural_ukf,True,8001,4.0,True,,3.0,200,1.0304720156756293,1.50112373193139,0.4974511687832529,0.32410457339061277,1.0304720156756293,98.2024591485325,-0.03990686743607844,0.0414319636207721,[0.04228775 0.05403378 0.04143196 0.01119119 1.27544757 0.57258625],0.95,24971190.51458994,1.8488379605228817,338.9841453254893,0.0,0.0,0.0,22.7,1366.2,1536.3506133896933,7452.405670968121,31.588583758015513,14,13,0,20.156628000222554,42.634525999710355,0.6176544993650168,1.0,5.2817872019995775
startup,neural_ukf,True,8002,4.0,True,,3.0,200,0.9764281413039896,1.4624681002705573,0.3936937063827764,0.2931110293423832,0.9764281413039896,98.2581287992047,-0.01655508769251791,0.039251997324029134,[0.04068103 0.0499896  0.039252   0.00852592 1.22169785 0.57590263],0.99,26002438.934077427,1.8256169739244283,340.2839102849363,0.0,0.0,0.0,22.7,1366.2,1535.3187060599842,7572.332309763346,31.200462698006284,13,13,0,20.304980999753752,31.661430450321852,0.5029574999753095,1.0,4.9522483869995995
startup,neural_ukf,True,8003,4.0,True,,3.0,200,0.9336395609400099,1.3716507139749345,0.40749222064974666,0.2676215124585025,0.9336395609400099,98.17360043550194,-0.019669974685453596,0.042063728731658756,[0.0402219  0.06193393 0.04206373 0.00972779 1.18879584 0.58245735],0.92,26538658.552522678,1.7801485760224023,336.67925381938505,0.0,0.0,0.0,22.7,1366.2,1518.3079639170087,4922.616505741422,14.104140391376045,11,11,0,20.259200499822327,39.448640549608136,0.5171284997231851,1.0,5.277237940000305
startup,physical_nake,True,8001,4.0,True,,3.0,200,1.2284829327661155,1.85499467565994,0.6056625498569692,0.49293652039112285,1.2284829327661155,98.2024591485325,-0.03828331694447766,0.04173787622032766,[0.04215551 0.05572797 0.04173788 0.01118285 1.28442118 0.64691259],0.945,17877.90275325422,1.8498808209343367,339.9496470914075,0.0,0.0,0.0,22.7,1366.2,1579.9748097727675,10323.850466689804,44.47061802865786,15,15,0,6.871544500427262,23.320788950059054,1.4968075001888792,1.175169783654014,2.317441649000102
startup,physical_nake,True,8002,4.0,True,,3.0,200,0.9159912171145517,1.342261905377086,0.3689857997699062,0.24883887500359925,0.9159912171145517,98.2581287992047,-0.016086922517854332,0.03957287733650239,[0.04068307 0.05143297 0.03957288 0.00848271 1.23861951 0.54700377],0.99,18502.67734061724,1.8214117698433199,339.08304734261156,0.0,0.0,0.0,22.7,1366.2,1493.2025749933077,4968.312731792641,10.144182818085106,7,7,0,6.8824804998257605,12.068708799551986,1.4967219995014602,1.2068155015600754,2.1067951940003695
startup,physical_nake,True,8003,4.0,True,,3.0,200,0.853099078381082,1.2325667280195713,0.3744853236843418,0.21875716359977035,0.853099078381082,98.17360043550194,-0.01912684823227528,0.04257435882300727,[0.04021143 0.06276173 0.04257436 0.00971911 1.19252844 0.59264841],0.915,20602.234710110104,1.7856731526649703,335.73991952014404,0.0,0.0,0.0,22.7,1366.2,1461.6323247605312,7683.253858706851,22.810947039777457,6,6,0,6.53455749989007,9.762571249802924,1.471223500175256,1.1402049904680123,1.9486149659996954
startup,physical_ukf,True,8001,4.0,True,,3.0,200,1.1870276069483194,1.779552902352079,0.5798578584488647,0.450776333834498,1.1870276069483194,98.2024591485325,-0.040228334017326395,0.04101814856218692,[0.04193102 0.05351301 0.04101815 0.01119264 1.26799687 0.64082006],0.95,24971114.6828599,1.8499980986343576,339.6954513747885,0.0,0.0,0.0,22.7,1366.2,1576.589938560067,12755.627429869706,66.29364396201946,15,15,0,6.709571000101278,18.820137200509624,0.45101900013833074,1.0,1.9461726809995525
startup,physical_ukf,True,8002,4.0,True,,3.0,200,0.9837439492731311,1.4794332298098523,0.3960630708678705,0.2988473645881788,0.9837439492731311,98.2581287992047,-0.01676925664961099,0.039384813941897835,[0.04084573 0.05019593 0.03938481 0.00852206 1.22836726 0.55502909],0.99,26002429.09076709,1.8235392516051172,340.20923728101195,0.0,0.0,0.0,22.7,1366.2,1563.5357883714764,4928.0034996849,13.914411993435154,12,11,0,6.389689499883389,19.473699900436248,0.4394309999042889,1.0,1.8480760649999866
startup,physical_ukf,True,8003,4.0,True,,3.0,200,0.9104208057266449,1.3282590152117917,0.39886219034546927,0.2525529515714176,0.9104208057266449,98.17360043550194,-0.020277300594662952,0.04211594106109735,[0.04027458 0.06191671 0.04211594 0.0097285  1.18995857 0.58577111],0.92,26538685.29548918,1.781694639188355,335.88312905953643,0.0,0.0,0.0,22.7,1366.2,1517.0305924893858,7728.475636751602,31.79831020532676,9,9,0,6.35080050005854,12.347567000051484,0.4331065001679235,1.0,1.7883604160006144
thermal_servo,neural_nake,True,8001,4.0,True,,5.999999999999999,400,0.8896109151855768,0.19630781713858642,3.4716291979943854,0.8120822336399599,0.7153309796550708,23.671195744771843,-0.22197958293854814,0.03996270320245942,[0.03573655 0.05363996 0.0399627  0.00997557 1.19119487 0.51606761],0.9425,24027.551913924537,2.0658616880762506,341.5386282654973,0.0,0.0,0.0,183.98635066272217,652.1408213228154,2208.239300151264,9729.179757763097,4.578413578381663,0,0,0,18.581007499960833,32.34549404974132,1.672862000305031,1.4630185751311364,8.892810545999964
thermal_servo,neural_nake,True,8002,4.0,True,,5.999999999999999,400,0.8567595572700719,0.17923057933472009,3.3409050232607136,0.7497866514354822,0.6952791664646589,17.572253823386042,-0.2276961248764287,0.04113765909926343,[0.03753217 0.05249522 0.04113766 0.00825446 1.25692286 0.44442128],0.9425,22135.466563205006,1.9659428680601787,341.56462536843605,0.0,0.0,0.0,210.77884912540384,749.3388886369073,2201.0469856875534,9170.27196233191,4.26718944775182,0,0,0,18.113796000307048,24.487958399913623,1.6534580004190502,1.5725553388138296,8.324347490000036
thermal_servo,neural_nake,True,8003,4.0,True,,5.999999999999999,400,0.7810390018707782,0.16174202936241028,3.189025430363668,0.695493196767813,0.6665792959758184,18.96665152746732,-0.21848272526615073,0.033399013602804485,[0.03221264 0.05604531 0.03339901 0.01305618 1.06942659 0.39675966],0.9625,36192.004050119926,1.78312574789416,341.59662124427854,0.0,0.0,0.0,204.81853513126956,559.7865405488875,2194.618755269007,8777.833625534166,3.0949895797654787,0,0,0,17.85343399978956,23.496873449948904,1.597198499894148,1.2944255292832314,8.121851777000302
thermal_servo,neural_ukf,True,8001,4.0,True,,5.999999999999999,400,0.8812713298105965,0.19302155719204403,3.438993366046946,0.7982357111144747,0.7081717469248683,23.590247383400655,-0.22038923571182722,0.03942881569512509,[0.03561633 0.05306185 0.03942882 0.00989333 1.18526127 0.49731452],0.94,41798812.893228956,2.0674905503787984,341.57689654670963,0.0,0.0,0.0,189.63526386395245,587.440214798739,2201.574230921333,9257.99225116904,3.907348335984044,0,0,0,19.692248000410473,32.38406429995848,0.6260969998947985,1.0,8.651584747000015
thermal_servo,neural_ukf,True,8002,4.0,True,,5.999999999999999,400,0.8472689439370603,0.17581515633223257,3.301435434432239,0.7332159464382386,0.6890176717520315,17.618116401232662,-0.22214218789738363,0.04013926375621076,[0.03678117 0.05183383 0.04013926 0.00828689 1.23281819 0.42655168],0.945,36731132.99802804,1.9645349578421116,341.5699307219781,0.0,0.0,0.0,211.87863084620918,653.7602689041242,2192.233157212626,8795.953607703468,3.512696250447944,0,0,0,19.682747999922867,32.18559585006915,0.5916155000704748,1.0,8.494563872000072
thermal_servo,neural_ukf,True,8003,4.0,True,,5.999999999999999,400,0.7792684130886055,0.1612655832310003,3.182318874514724,0.6928837764273733,0.6653377523759755,19.208810474074177,-0.21833656457345044,0.03287638695322133,[0.03186344 0.05596528 0.03287639 0.01314142 1.05742901 0.38112656],0.9675,60751658.77474383,1.779356566568086,341.6219022241663,0.0,0.0,0.0,211.09126605583225,564.8837588610342,2194.7788121078797,8977.657130924752,3.19384186140731,0,0,0,17.81725299952086,26.318122249995213,0.5658615004904277,1.0,7.81885487099953
thermal_servo,physical_nake,True,8001,4.0,True,,5.999999999999999,400,0.8942363492116796,0.1982277217420565,3.4897259861329855,0.8203509490150742,0.7186817882377251,23.65601083634299,-0.22358575109577997,0.039976988352573316,[0.03574636 0.05366124 0.03997699 0.00997564 1.1918262  0.51641599],0.9425,24015.576409862155,2.066018725480339,341.53118044790904,0.0,0.0,0.0,185.922330769668,649.190419369853,2207.991186056543,9493.569212379194,4.278264600208354,0,0,0,6.3534504997733166,10.605160200611861,1.6226814996116445,1.4623410506986567,3.9137019370000417
thermal_servo,physical_nake,True,8002,4.0,True,,5.999999999999999,400,0.8590082319126326,0.1809041993868461,3.3554129761302156,0.7577920294866896,0.6988873951564589,17.54459245947006,-0.22939369096188794,0.0411644513951469,[0.0375625  0.05248932 0.04116445 0.00825446 1.25799593 0.44474714],0.9425,22126.28475800408,1.9662098831870132,341.505785329778,0.0,0.0,0.0,216.89337157732427,779.6168119586973,2202.3810752819772,8924.857781394818,4.2379474624027855,0,0,0,5.940484500115417,10.634451799433005,1.5537879999101278,1.5730076078242012,3.6347756420000223
thermal_servo,physical_nake,True,8003,4.0,True,,5.999999999999999,400,0.7833657947783461,0.16262839084433106,3.1980252733803822,0.699085122059684,0.668300170986661,19.010297202065768,-0.21909559882554105,0.033411532742091424,[0.03222623 0.05605299 0.03341153 0.01305603 1.06960061 0.39616827],0.9625,36189.55875271967,1.7830105355842973,341.5908631652596,0.0,0.0,0.0,211.43271698439898,554.5022136664134,2194.156228228176,8333.34858144995,2.7385900521798803,0,0,0,5.388293000578415,10.052117899840592,1.463837500068621,1.2941927135111944,3.404686975000004
thermal_servo,physical_ukf,True,8001,4.0,True,,5.999999999999999,400,0.8852255392871735,0.1946035195223413,3.453574874466068,0.8047011354270914,0.7108231222485387,23.5703940520225,-0.22148295970724324,0.039436027710281166,[0.03562291 0.05308196 0.03943603 0.00989342 1.18556668 0.49822516],0.94,41798812.68588259,2.0674795915594313,341.5638067431929,0.0,0.0,0.0,192.01622042865895,572.4208683643132,2200.885957218017,8890.485373876734,3.4924506905943584,0,0,0,6.331893499918806,11.160214849951442,0.5019854997954099,1.0,3.3705384240001877
thermal_servo,physical_ukf,True,8002,4.0,True,,5.999999999999999,400,0.8490925209535896,0.17728093297899047,3.3137647250985793,0.7401227149505678,0.6921631038320872,17.595670802030714,-0.22355507391877988,0.04015867491812315,[0.03680482 0.05183731 0.04015867 0.00828694 1.233457   0.42703034],0.945,36731133.050115384,1.9647067894583932,341.52507069944903,0.0,0.0,0.0,215.85072629482423,678.1517401470311,2192.82090345805,8552.342356078056,3.4333875936601146,0,0,0,5.936187499628431,8.319245199481879,0.46684300014021574,1.0,3.0929164910003237
thermal_servo,physical_ukf,True,8003,4.0,True,,5.999999999999999,400,0.7819516056090126,0.1622658914264055,3.1921373514660103,0.6967981179036329,0.6672477342248628,19.25111832097164,-0.21860144437041837,0.03289225240865861,[0.03188051 0.05597637 0.03289225 0.01314129 1.05747638 0.3803885 ],0.9675,60751658.79709272,1.7791619793187672,341.6342425371553,0.0,0.0,0.0,217.25268600532164,551.1783786589839,2194.8705029153525,8591.499451604695,2.950392343550191,0,0,0,6.755506000445166,11.452554450033853,0.5440690001705661,1.0,3.624251434999678
