case,constrained,configuration,completed_count,count,stopped_count,IAE,ISE,ITAE,ITSE,CC_estimation_RMSE,CC_coverage95,NIS_mean,NEES_mean,coolant_total_kmol,control_TV_kmol_h,normalized_control_effort,solver_latency_median_ms,solver_latency_p95_ms,estimator_latency_median_ms,T_max,thermal_violation_K,thermal_violation_runs,time_above344_h,solver_failures,fallbacks
servo_plus10,False,physical_ukf,3,3,0,0.5531405130246972,0.04679816808451078,3.430564057063527,0.2860670701669464,0.03675273449991032,0.95125,1.930725763010801,46117291.357370116,4733.895862356524,5150.869479791427,0.4107818092915992,6.30760249987361,10.796858266955192,0.45395999995889724,342.1952260160456,0.0,0,0.0,0,0
servo_plus10,False,physical_nake,3,3,0,0.5540388234316044,0.04664148377111287,3.4345804636294237,0.28474906768491487,0.03730292155449866,0.9554166666666667,1.9239006998316561,26184.89730235781,4739.320752835118,5380.825451961139,0.44254577061808203,6.3845698332443135,10.460371299965724,1.544996999958433,342.0909332710563,0.0,0,0.0,0,0
servo_plus10,False,neural_ukf,3,3,0,0.5467171247299006,0.0459908719964048,3.3855609709601886,0.2805550928957257,0.03671661830637223,0.95125,1.9307046077572887,46117291.44612724,4730.6965074677255,5464.6286406058425,0.4548425664921843,21.870150333294685,34.6541858835432,0.6053021669079802,342.23587138404946,0.0,0,0.0,0,0
servo_plus10,False,neural_nake,3,3,0,0.5474237885943437,0.0458001619078785,3.3881697421448735,0.2789740762731783,0.03726346187112394,0.9554166666666667,1.9238900694841028,26186.422578048576,4736.123628682131,5706.85677415229,0.4903136549961354,23.415211833556288,35.56041614998927,1.902531666928553,342.1341284643447,0.0,0,0.0,0,0
servo_plus10,True,physical_ukf,3,3,0,0.5531405156990208,0.04679816906399884,3.4305640680682896,0.28606707418966254,0.03675273452485751,0.95125,1.9307257630598897,46117291.357370116,4733.895863804804,5150.869471231511,0.41078178602784504,6.390105000112574,10.619762999931481,0.4585185001815262,342.19522601604524,0.0,0,0.0,0,0
servo_plus10,True,physical_nake,3,3,0,0.5540388260438831,0.04664148473393026,3.434580474365063,0.2847490716387378,0.037302921581786476,0.9554166666666667,1.9239006998294375,26184.897301260455,4739.320754196688,5380.825442561203,0.4425457483709903,6.722146499972344,10.154354866669259,1.6137581665134348,342.09093327105535,0.0,0,0.0,0,0
servo_plus10,True,neural_ukf,3,3,0,0.5467162180044811,0.0459905395775081,3.3855572431400796,0.2805537288779636,0.03671661170756413,0.95125,1.9307045990992748,46117291.446127295,4730.696020197737,5464.631560532712,0.4548502664867035,21.883874000044063,34.685348816507634,0.6306148332744973,342.2358713840501,0.0,0,0.0,0,0
servo_plus10,True,neural_nake,3,3,0,0.5474229023823826,0.045799834452393995,3.3881661019196407,0.2789727330670719,0.037263455517093334,0.9554166666666667,1.9238900688549823,26186.422872804862,4736.123162568859,5706.860088488181,0.4903212828370605,22.759931499876984,35.70822644995435,1.856881666450742,342.1341284643445,0.0,0,0.0,0,0
fa_minus10,False,physical_ukf,3,3,0,0.5052762047677346,0.035512235091761706,3.1178911513827523,0.21903806528563108,0.03637957051204092,0.9545833333333332,1.9270650247942365,46025292.65919306,4318.3979605409395,5359.797282336905,0.3947974858705669,7.292164333193796,10.69041769995541,0.5488676667179485,340.99541220809283,0.0,0,0.0,0,0
fa_minus10,False,physical_nake,3,3,0,0.5074487771529951,0.03553713703785821,3.1352490681011815,0.2195241652513027,0.03705871460947301,0.9587499999999999,1.9224545834702162,25743.149154652256,4325.457467415582,5627.2977575700415,0.4284845453213742,7.045041333185509,10.583675233131848,1.8219346666228375,340.75918582345383,0.0,0,0.0,0,0
fa_minus10,False,neural_ukf,3,3,0,0.49625510923497984,0.034382100136613754,3.062478686418466,0.21217347920534846,0.03632460643791687,0.9545833333333332,1.9270765041868863,46025292.75086403,4315.512357988671,5693.3178950861375,0.440909015725071,21.722167333336984,34.32015218333314,0.6057593335147734,341.03103319541503,0.0,0,0.0,0,0
fa_minus10,False,neural_nake,3,3,0,0.49809232054700603,0.034393819735597325,3.076597244999359,0.2124122197673043,0.03700733226252004,0.9591666666666666,1.9226410992519556,25748.515599022823,4322.646732995523,5976.8434322459025,0.47844026960000724,22.597576833504718,35.41025591621292,1.8586728333502833,340.7993800035799,0.0,0,0.0,0,0
fa_minus10,True,physical_ukf,3,3,0,0.5052759105963568,0.035512187818938716,3.1178899525506742,0.21903787183357096,0.03637956875355493,0.9545833333333332,1.9270650321333471,46025292.659193136,4318.397694369282,5359.794550713982,0.3948009560693368,6.934677500036439,11.259773933564551,0.5100338332037305,340.9954122080951,0.0,0,0.0,0,0
fa_minus10,True,physical_nake,3,3,0,0.5074485642719676,0.03553709098314665,3.135248213025649,0.21952397738955662,0.03705871409849682,0.9587499999999999,1.9224546004064857,25743.14893656255,4325.457200386937,5627.295048746437,0.42848811718122404,6.861644333336396,10.39663971679753,1.681071499964067,340.75918582300926,0.0,0,0.0,0,0
fa_minus10,True,neural_ukf,3,3,0,0.49625543720453574,0.034382181538854396,3.0624800201374405,0.21217381267808053,0.03632460639298956,0.9545833333333332,1.9270764908906963,46025292.75086391,4315.512640380996,5693.323767875842,0.44090765623797656,24.36993266655918,35.79099884997655,0.6098334999175373,341.03103319552145,0.0,0,0.0,0,0
fa_minus10,True,neural_nake,3,3,0,0.49809270710833226,0.034393907052020764,3.0765988205280457,0.2124125775089166,0.0370073315453902,0.9591666666666666,1.92264109463093,25748.5158948607,4322.647028048065,5976.8493882213625,0.47843896564468924,20.373566500135592,33.46835136677934,1.6304799999791915,340.79938000371305,0.0,0,0.0,0,0
fb_plus10,False,physical_ukf,3,3,0,0.540407722208744,0.03912456472174134,3.3348432876618013,0.24018701244685348,0.03769406786020007,0.9520833333333333,1.9309426135904488,46318310.78617071,4476.641449285615,5536.429234446488,0.4197894407871206,6.408200833448063,9.176274566622546,0.46888816647575976,340.61281432083075,0.0,0,0.0,0,0
fb_plus10,False,physical_nake,3,3,0,0.5355643609945839,0.038589070907335606,3.3102368944841274,0.23744154842927898,0.03820562207114427,0.9570833333333333,1.9222826282503371,26208.167558628087,4474.5635939018675,5857.068282970668,0.4586070481401012,6.621160666933672,10.699012700206367,1.5817131664637902,340.56030174100607,0.0,0,0.0,0,0
fb_plus10,False,neural_ukf,3,3,0,0.5295154082874713,0.03775340710315756,3.266999082642192,0.2318936141170234,0.03755966372218217,0.9520833333333333,1.9309101272809768,46318310.87715351,4466.428849750451,5888.99553205987,0.4687781771713014,20.9688108334376,34.49534444962409,0.5880678333293569,340.7801687286572,0.0,0,0.0,0,0
fb_plus10,False,neural_nake,3,3,0,0.5248911615157771,0.037247197174034595,3.242486524399858,0.229144424357227,0.03808088567001585,0.9570833333333333,1.9223994988411697,26183.35333698931,4464.646070854729,6227.777849484145,0.5118672860905821,20.627920499767544,32.61905905008765,1.633128833267013,340.72487168026566,0.0,0,0.0,0,0
fb_plus10,True,physical_ukf,3,3,0,0.5404064409445689,0.03912417948197976,3.3348380298880964,0.24018542592043604,0.03769405864409422,0.9520833333333333,1.9309426114901125,46318310.78617087,4476.640712275664,5536.420092397483,0.4197983973948507,6.506903333502123,10.326987133475994,0.46542449975580286,340.61281432082984,0.0,0,0.0,0,0
fb_plus10,True,physical_nake,3,3,0,0.5355633835461637,0.038588770475174165,3.3102329189853728,0.23744031712336355,0.038205620689724586,0.9570833333333333,1.9222826460652251,26208.166277404012,4474.562891323847,5857.061395371576,0.45861879034133685,6.7865349997191515,10.294123566670045,1.6148795001148148,340.5603017409543,0.0,0,0.0,0,0
fb_plus10,True,neural_ukf,3,3,0,0.5295150502559717,0.037753295213751425,3.2669976125158473,0.2318931533193139,0.03755966131433422,0.9520833333333333,1.9309101250767216,46318310.87715354,4466.428647122386,5888.991451650832,0.4687797020550291,21.88480083320125,34.35961601626331,0.6027563332888045,340.7801687286572,0.0,0,0.0,0,0
fb_plus10,True,neural_nake,3,3,0,0.5248914750471555,0.03724729464537281,3.242487834085581,0.22914483080354342,0.03808089440339698,0.9570833333333333,1.9223995062758468,26183.353783275157,4464.646127076487,6227.777206834288,0.5118657869464426,20.288086333493993,33.16257088334472,1.598241333340411,340.7248716802564,0.0,0,0.0,0,0
t0_minus10F,False,physical_ukf,3,3,0,0.6280685722302016,0.049924633253491724,3.8771864983943076,0.3084470032842059,0.042075498828453024,0.9541666666666666,1.9293024351727617,46117291.418789424,4691.819045475163,7033.524723028404,0.5651825092738701,6.4247538333196035,9.28935431716127,0.46164233344825334,336.8489443340168,0.0,0,0.0,0,0
t0_minus10F,False,physical_nake,3,3,0,0.6107946006360702,0.047178835097889726,3.7818939795688817,0.29352522918359686,0.042330097089341295,0.9554166666666667,1.9203444339650784,26105.235982683807,4677.3375735078525,7354.176179080609,0.6141189650296782,6.310647333066299,9.706812566522176,1.5034639999006079,336.82149774467666,0.0,0,0.0,0,0
t0_minus10F,False,neural_ukf,3,3,0,0.6091569772310046,0.0469064285505556,3.7625489831340224,0.2909626485699068,0.041781095475011854,0.9541666666666666,1.9291685769547344,46117291.50327835,4678.9655259053725,7390.041559230501,0.6172200677371463,20.197655333201208,31.89369538340543,0.5269825001050776,336.81733043370184,0.0,0,0.0,0,0
t0_minus10F,False,neural_nake,3,3,0,0.5980122342932791,0.045353296786070564,3.7042069123223773,0.28294997967842167,0.04204043688026152,0.9554166666666667,1.9201472495153171,26070.232556845225,4665.164740439673,7736.285815419525,0.6720586542239948,20.65241483326948,34.01382721666171,1.5873966666125245,336.88785034413826,0.0,0,0.0,0,0
t0_minus10F,True,physical_ukf,3,3,0,0.6280685165117973,0.04992461631307064,3.8771862619158495,0.30844693183934474,0.042075498086093815,0.9541666666666666,1.9293024329301076,46117291.41878941,4691.819041509554,7033.5246885724,0.5651819401286226,6.705764499959817,10.343893133403979,0.471396833442365,336.8489443340152,0.0,0,0.0,0,0
t0_minus10F,True,physical_nake,3,3,0,0.6107947893816719,0.04717887755272036,3.781894753568828,0.2935254044170869,0.0423300986036097,0.9554166666666667,1.9203444286371594,26105.23613791667,4677.337688006529,7354.17730990674,0.6141158102739016,6.5962228331954975,10.161509733264511,1.5277824998823537,336.82149774467445,0.0,0,0.0,0,0
t0_minus10F,True,neural_ukf,3,3,0,0.6091574746003622,0.04690653068724724,3.7625510235314223,0.290963068164283,0.04178109786781897,0.9541666666666666,1.929168564346187,46117291.50328123,4678.965829917358,7390.049285802404,0.6172131634024456,20.45750616677348,33.16280958363979,0.5354706663638353,336.8173304336978,0.0,0,0.0,0,0
t0_minus10F,True,neural_nake,3,3,0,0.5980125968366059,0.04535338461752484,3.7042083825064167,0.28295033835949673,0.04204043699910671,0.9554166666666667,1.9201472345465003,26070.232924023047,4665.165063906628,7736.292984463897,0.672050724889583,20.891299333167506,34.51416063356495,1.6198108331385204,336.88785034415343,0.0,0,0.0,0,0
ta_minus20F,False,physical_ukf,3,3,0,0.6264292486851428,0.04939291390140741,3.870060646197581,0.30565987672977113,0.04194105294277609,0.95375,1.9309346412635104,46117291.433758505,4890.52181394523,6812.0020621853255,0.5041896405940617,6.313832833257038,8.995062616713765,0.45062450014180894,336.8489443199145,0.0,0,0.0,0,0
ta_minus20F,False,physical_nake,3,3,0,0.6090829456965904,0.046731402445873094,3.7718604175626793,0.29096159386992354,0.042146658308561215,0.9541666666666666,1.9222429621195485,26021.39743525244,4872.849860431369,7105.177185959677,0.5478449750579901,6.433160833542691,9.236427966622308,1.532912999967569,336.82149990408254,0.0,0,0.0,0,0
ta_minus20F,False,neural_ukf,3,3,0,0.6097045476905879,0.04677913254784014,3.7659554120498844,0.2901460083610666,0.041708903674036894,0.9541666666666666,1.930825489303326,46117291.52101871,4878.990547161134,7160.417489401578,0.5522001161134981,19.995429833215894,30.697863950096387,0.5365570000321895,336.81733110733177,0.0,0,0.0,0,0
ta_minus20F,False,neural_nake,3,3,0,0.597326551130671,0.045126518463766835,3.698523117280745,0.28139335745781474,0.041918098928876345,0.9541666666666666,1.9220760200216986,25994.716938214628,4861.707982694254,7476.846064082899,0.601120445068383,20.3319948330621,33.0470327665959,1.6157739999774396,336.83682492702536,0.0,0,0.0,0,0
ta_minus20F,True,physical_ukf,3,3,0,0.6264294337020518,0.04939295195210855,3.87006140608705,0.30566003370660483,0.04194105426352448,0.95375,1.9309346365608535,46117291.43375846,4890.521924424801,6812.003935121206,0.5041871962639911,6.629365833153618,9.589851616935142,0.4638176666655151,336.84894431991455,0.0,0,0.0,0,0
ta_minus20F,True,physical_nake,3,3,0,0.6090831940542352,0.04673146460174518,3.7718614379218067,0.29096185063035257,0.04214666060228452,0.9541666666666666,1.9222429589128769,26021.39770830801,4872.8500126114,7105.179219441806,0.5478421640446168,6.536189166884772,9.869703916607856,1.4869428332531243,336.82149990408345,0.0,0,0.0,0,0
ta_minus20F,True,neural_ukf,3,3,0,0.6097049744286359,0.04677923554316165,3.765957169873937,0.29014643568298504,0.04170890932815644,0.9541666666666666,1.930825477630714,46117291.52102638,4878.990869917931,7160.420626813081,0.5521913303272887,19.856204166596097,29.15392301645927,0.5246073334698546,336.81733110733154,0.0,0,0.0,0,0
ta_minus20F,True,neural_nake,3,3,0,0.5973267173898373,0.04512655891436839,3.6985237788316483,0.2813935220224403,0.04191809979077251,0.9541666666666666,1.9220760037393765,25994.71721284212,4861.708213065112,7476.848009035094,0.6011129041156463,22.037418833406264,35.56730863350216,1.681871166814138,336.83682492703406,0.0,0,0.0,0,0
fa_minus15,False,physical_ukf,3,3,0,0.4710392132234036,0.03364534387286677,2.9074879329899717,0.20761327560216722,0.03467966000461293,0.9525,1.926187261267641,45982328.034094535,3975.471590692296,5165.630907360267,0.4590911047966965,6.118293666380244,8.462896849672083,0.44127349989745807,345.2070597785715,1.2070597785714767,3,0.20775000000000002,0,0
fa_minus15,False,physical_nake,3,3,0,0.48796522571497764,0.034166048865885534,3.0176706465561964,0.21095860503638308,0.03638116525177829,0.92625,1.9384342168160054,26367.45746978602,3994.0582352255647,5386.824847131497,0.4892647469435616,7.23332450009669,10.686879800035356,1.9465213332902447,344.4571117912155,0.45711179121548184,1,0.03275,0,0
fa_minus15,False,neural_ukf,3,3,0,0.4687542817644293,0.032901117386250095,2.8929603315785943,0.20281029038765788,0.03469393005619174,0.9525,1.9262049404437116,45982328.12614552,3982.690660274547,5475.576037357263,0.5015695155402988,21.24635849986589,34.98050715011232,0.6000308333871848,344.8711987694276,0.8711987694276218,2,0.09924999999999999,0,0
fa_minus15,False,neural_nake,3,3,0,0.49374854237992016,0.03395832290068282,3.055623430532107,0.20969513583695717,0.036370906479106964,0.9279166666666666,1.9381351529220927,26343.424681679437,4000.9995093463326,5710.238181469257,0.5356768463373074,21.560873833247268,35.31124978320198,1.741658333230589,344.1728386904579,0.17283869045792244,1,0.013249999999999998,0,0
fa_minus15,True,physical_ukf,3,3,0,0.47103925458066603,0.03364536022959943,2.9074878098112986,0.20761330784681498,0.03467966383790266,0.9525,1.9261872764527663,45982328.034094654,3975.471701761891,5165.63021398249,0.4590909512051243,6.537657999767059,9.814138850212354,0.4735156667265983,345.20705977857074,1.2070597785707378,3,0.20775000000000002,0,0
fa_minus15,True,physical_nake,3,3,0,0.4879650073203035,0.034165994680921664,3.0176696403995718,0.2109583705351135,0.03638116481084241,0.92625,1.9384342226568545,26367.457463074214,3994.058124625933,5386.822769454663,0.489265317579358,7.203685333327788,9.538994550045269,1.8249648336071307,344.4571117930208,0.457111793020772,1,0.03275,0,0
fa_minus15,True,neural_ukf,3,3,0,0.46875393730784887,0.032901020885850035,2.892958695336191,0.20280986815897353,0.03469392533436679,0.9525,1.9262049162562525,45982328.12614564,3982.6905191755686,5475.574313053851,0.5015688630372269,21.744812333205726,35.5299826506022,0.5967211667060232,344.87119880907585,0.8711988090758496,2,0.09924999999999999,0,0
fa_minus15,True,neural_nake,3,3,0,0.493748593627698,0.03395833617116783,3.055623574469299,0.2096951852924117,0.0363709065463191,0.9279166666666666,1.9381351288960291,26343.424727836118,4000.99963087293,5710.23941343779,0.5356741460902582,21.23809000007289,34.85873151645743,1.6506126667081844,344.17283873853177,0.172838738531766,1,0.013249999999999998,0,0
t0_minus30F,False,physical_ukf,3,3,0,0.6304928896047882,0.05180027365523524,3.8838730944203044,0.31778808379789064,0.042684247353914316,0.9550000000000001,1.9239588152545462,46117291.38917007,4001.914985628567,7482.927968042067,0.86604808043031,7.210192166742975,11.422513049925932,0.5019518334847817,337.36953681449006,0.0,0,0.0,0,0
t0_minus30F,False,physical_nake,3,3,0,0.6167784442541505,0.04930602871871611,3.811054863067197,0.3046386942677143,0.042782022302042,0.9583333333333334,1.9214178256070003,25950.02003879732,3997.038231028107,7815.41090768233,0.9206696661038842,6.997458499881759,10.807878849815703,1.585448500009079,337.36116024888906,0.0,0,0.0,0,0
t0_minus30F,False,neural_ukf,3,3,0,0.6190014013480789,0.04965083000015035,3.8154063009528674,0.3053712857200294,0.04243159689498616,0.9550000000000001,1.9238340929811448,46117291.476702236,4000.077041268043,7680.10824818309,0.8865736518008256,21.91713266665829,35.33622276668211,0.5516346665596453,337.37343200591505,0.0,0,0.0,0,0
t0_minus30F,False,neural_nake,3,3,0,0.6095905757579353,0.04809255515994037,3.7651527510985523,0.29710589171366747,0.04257816756916749,0.9583333333333334,1.9211535650773446,25910.981795526226,3995.6357588389874,8030.393447331072,0.944781686824442,22.353730500071833,35.96384756701809,1.6462853332086524,337.43452346319077,0.0,0,0.0,0,0
t0_minus30F,True,physical_ukf,3,3,0,0.630496371144488,0.05180087501008753,3.8838980252770443,0.31779218841733275,0.04268430945804347,0.9550000000000001,1.9239588691189375,46117291.38928195,4001.9159639931,7482.692486242467,0.8660150168102795,6.836055666705458,10.444547566779269,0.45554349996261106,337.3695712269964,0.0,0,0.0,0,0
t0_minus30F,True,physical_nake,3,3,0,0.6167790313908043,0.04930634923592888,3.8110546746505047,0.30463982084571867,0.04278214163914074,0.9583333333333334,1.9214181815448568,25950.035082414135,3997.0388466832196,7815.197088691309,0.9206275592749812,6.97710233316684,11.292899783605511,1.5375094997883327,337.3609240045735,0.0,0,0.0,0,0
t0_minus30F,True,neural_ukf,3,3,0,0.6190037105871705,0.04965127423063547,3.8154216636961706,0.3053736896300682,0.04243172885571827,0.9550000000000001,1.9238338937673634,46117291.47662896,4000.0780331227106,7679.852816692633,0.8865238563505988,22.04884783335122,34.782964333362536,0.5708125004275644,337.37344985360204,0.0,0,0.0,0,0
t0_minus30F,True,neural_nake,3,3,0,0.6095923607850454,0.048092683582418756,3.7651663752546685,0.297107330635835,0.042578271837698356,0.9583333333333334,1.9211542109922395,25911.00174927858,3995.6370164203413,8030.018761055603,0.9447383967033488,22.210997833402264,36.859872666855146,1.6436881664958491,337.43455119654766,0.0,0,0.0,0,0
servo_minus20,False,physical_ukf,3,3,0,1.0203686197842912,0.14759250391751813,7.096959921589395,1.0896101264515468,0.05254559279447176,0.9470833333333334,1.952061379120626,46117293.0596545,7413.425613763303,27548.57522212726,9.58877192020398,7.597402499868622,12.969789066619342,0.4857026663861082,336.0573321676422,0.0,0,0.0,0,0
servo_minus20,False,physical_nake,3,3,0,1.0455676669659728,0.15844836275023697,7.387763339094202,1.2045326850081672,0.0526826922792504,0.9458333333333334,1.9489858557708228,26958.61557236627,7310.308428769279,26701.37009193796,9.006633028272764,7.41799983340267,12.389604316422265,1.5394769999754014,336.0994844933021,0.0,0,0.0,0,0
servo_minus20,False,neural_ukf,3,3,0,1.039205949199885,0.15430623981575128,7.28826060704575,1.1559711136711688,0.05245329639568305,0.9470833333333334,1.951372757589926,46117293.06470137,7357.628627850849,25508.70159309074,8.031694556586386,23.00248199996228,36.188578250024264,0.569503500173596,336.05638881254464,0.0,0,0.0,0,0
servo_minus20,False,neural_nake,3,3,0,1.0711908640262435,0.16702994319615902,7.630429095001031,1.2851933211001947,0.05258931932918893,0.94625,1.9481691290311804,26961.071866599454,7261.133436379721,24834.10025555077,7.608504829410737,23.192600500048382,35.95084695013308,1.610516666763336,336.1006375661655,0.0,0,0.0,0,0
servo_minus20,True,physical_ukf,3,3,0,1.0203669270510474,0.14759220238099435,7.096941636792188,1.0896067529311928,0.05254560199600955,0.9470833333333334,1.9520612092388798,46117293.05904562,7413.42574434212,27548.362404627347,9.588606400338348,7.866555333293945,11.332455833129037,0.49091366660528973,336.0573321676422,0.0,0,0.0,0,0
servo_minus20,True,physical_nake,3,3,0,1.0455661163088055,0.15844775072095865,7.387751422674591,1.2045278887894735,0.05268270955068725,0.9458333333333334,1.9489857440014309,26958.615693160667,7310.308353953354,26701.148424749128,9.006490759134838,7.887660499970177,11.502628666979335,1.6409990001496528,336.0994844933021,0.0,0,0.0,0,0
servo_minus20,True,neural_ukf,3,3,0,1.0392068553968075,0.1543064750899422,7.288262811162816,1.1559718352755637,0.052453322617076754,0.9470833333333334,1.9513728268129198,46117293.064701624,7357.628865718582,25508.314729711954,8.031386645142788,23.135559000062738,37.6885622330974,0.5475325001498277,336.05638881254464,0.0,0,0.0,0,0
servo_minus20,True,neural_nake,3,3,0,1.0711899531018876,0.16702986112300525,7.630418845848186,1.2851915893505081,0.05258932288614904,0.94625,1.9481691237360756,26961.071601494088,7261.133229817602,24833.7518734592,7.608246144325755,23.153501166537655,36.48603005020353,1.6267944999223498,336.1006375661655,0.0,0,0.0,0,0
thermal_servo,False,physical_ukf,3,3,0,0.21858682211857658,0.0275159345736762,0.4991688040251849,0.06877195509920146,0.034432898640921986,0.9208333333333334,1.9331695841554712,46427201.32350997,1692.6269324568857,2211.0473548812124,0.3333296108592722,5.551000000044344,7.711899416881349,0.4359414998968229,353.5956683778654,9.595668377865422,3,2.8986250000000005,0,0
thermal_servo,False,physical_nake,3,3,0,0.22529729723683353,0.027788033823895452,0.5266715506295875,0.06964724645462575,0.03615225866062788,0.82,1.9903365511979327,27236.79378578068,1700.7865987846574,2275.4565278090645,0.34305201526629053,5.908626166728936,8.057284933238405,1.4571799999127204,353.6186151886868,9.618615188686817,3,2.8993750000000005,0,0
thermal_servo,False,neural_ukf,3,3,0,0.23011466449519635,0.027604955933592124,0.557206492000429,0.06987097489209605,0.034492422055946166,0.9233333333333333,1.9333085282225557,46427201.388014436,1714.1738115673609,2371.746438479417,0.3632449055293676,19.501831000222108,30.915381750204077,0.5368091665332031,353.49168722474445,9.491687224744453,3,2.9016250000000006,0,0
thermal_servo,False,neural_nake,3,3,0,0.24071364850785248,0.02811295999681432,0.6050643147595182,0.07189629533346972,0.036123665349423496,0.8458333333333333,1.9723747695599299,27402.182524811768,1721.5159171072248,2438.6903825556396,0.37388211943425004,19.377180166581336,31.217389650070498,1.5953888334176252,353.4799551247479,9.479955124747903,3,2.9021250000000003,0,0
thermal_servo,True,physical_ukf,3,3,0,0.5540728873090127,0.07610673104529227,2.027738521092504,0.28693389910774675,0.03577934702650215,0.9433333333333334,1.934868617928256,46427201.41393743,1974.803241135997,5479.239106455735,1.0401070830660624,5.608400666612094,8.476904567063073,0.445737499982594,345.4483077832428,1.4483077832427966,3,0.9702500000000001,0,0
thermal_servo,True,physical_nake,3,3,0,0.5596334683181369,0.07723057901910368,2.0509445159386233,0.29223828471163127,0.036603135337605404,0.9375,1.9428606983494907,28034.11745953436,1976.9446854999717,5552.995019773091,1.1145305524758296,5.871089666622235,7.798411849868594,1.4900403333134211,345.47478394768336,1.4747839476833633,3,0.8775,0,0
thermal_servo,True,neural_ukf,3,3,0,0.5484305784203194,0.074185088720847,2.0047901401030153,0.2796042606278286,0.035747469040812635,0.9433333333333334,1.935062105185381,46427201.46351712,1972.319149158596,5741.186838593902,1.140898430764248,17.932214333238033,27.0798720834288,0.5235424999530854,345.5047597366647,1.5047597366647096,3,1.0222499999999999,0,0
thermal_servo,True,neural_nake,3,3,0,0.5542397675727172,0.07536861434451618,2.0287050699082987,0.285054888136491,0.036575971992579503,0.9375,1.9429976287295332,28042.34366868582,1974.854981321875,5857.651050167599,1.257140591573214,18.838144666763885,31.90449931682147,1.6170966667535442,345.5324084489445,1.5324084489445227,3,0.9272499999999999,0,0
startup,False,physical_ukf,0,3,3,,,,,,,,,,,,,,,355.40000000000003,11.400000000000034,3,0.017780251936243028,0,0
startup,False,physical_nake,1,3,2,0.666490318303345,0.9080508345634447,0.311092482550843,0.12478221897137672,0.04279117778381528,0.915,1.7712486405492314,20603.454350733093,1255.4448892185287,2344.4376540920275,1.1838591257930173,6.424787000469223,10.798208950427577,1.5109289997781161,355.4,11.399999999999977,3,0.04695919649811431,0,0
startup,False,neural_ukf,0,3,3,,,,,,,,,,,,,,,355.40000000000003,11.400000000000034,3,0.01663823381375613,0,0
startup,False,neural_nake,0,3,3,,,,,,,,,,,,,,,355.4,11.399999999999977,3,0.017618158008986612,0,0
startup,True,physical_ukf,3,3,0,0.7659828213057018,1.0696096501177952,0.3483622437977656,0.1687537946327028,0.04124319428733409,0.9516666666666667,1.8216133286597878,25837747.202051613,1375.1520185673578,5699.389960589145,16.822144913649137,6.525026333444354,10.142293883715546,0.44760349980303243,344.68927415087586,0.6892741508758604,1,0.0072499999999999995,10,10
startup,True,physical_nake,3,3,0,0.8129310942269173,1.1474641783335464,0.3668310518034826,0.1937925802632324,0.04177703125391843,0.9516666666666667,1.8230296289179104,18995.365760079367,1377.5867049006538,7983.0812999892005,27.846875508999233,6.775111833424792,11.513628049821492,1.531163999970886,343.8156422563074,0.0,0,0.0,13,11
startup,True,neural_ukf,3,3,0,0.9523462531940238,1.40406646632587,0.4201075479088428,0.2794000355816761,0.040320137718235415,0.9483333333333333,1.8224195988148508,25837468.821857464,1467.0664371155515,6631.989586041437,24.612866614157692,20.555048999691888,37.859245550331686,0.5352806665541721,342.9857293263362,0.0,0,0.0,34,33
startup,True,neural_nake,3,3,0,0.9329100827960629,1.3636698350620031,0.4188683579356258,0.27594241439538747,0.04160995487162584,0.9500000000000001,1.8124398488597138,18992.45254575346,1446.5443058061453,6093.387453291899,21.554744273303886,19.80277166664261,36.585679883440406,1.5437963332563716,345.2007042876521,1.2007042876521155,1,0.0095,29,29
